last_traded_time,ltp,vol_traded_today,bid_size,ask_size,last_traded_qty,tot_buy_qty,tot_buy_sig,tot_sell_qty,tot_sell_sig,avg_trade_price,Open_NSE:NIFTY50-INDEX,Close_9,High_9,Low_9,ltp,vol_traded_today,bid_size,ask_size,last_traded_qty,tot_buy_qty,tot_buy_sig,tot_sell_qty,tot_sell_sig,avg_trade_price,ltp,vol_traded_today,bid_size,ask_size,last_traded_qty,tot_buy_qty,tot_buy_sig,tot_sell_qty,tot_sell_sig,avg_trade_price,ltp,vol_traded_today,bid_size,ask_size,last_traded_qty,tot_buy_qty,tot_buy_sig,tot_sell_qty,tot_sell_sig,avg_trade_price
03-02-2025 09:15,23355,598650,375,225,42150,29625,N,183825,N,-22.83,23376,23355,23381.25,23352,98.8,1607025,750,-525,28425,323475,N,83475,N,-4.88,192.7,1244025,225,900,26700,41400,N,66450,N,5.17,49260,121050,-90,480,14550,50970,N,23160,N,-69.86
03-02-2025 09:20,23353.7,309375,-5325,150,35250,10875,N,42600,N,-5.7,23355.05,23353.7,23361.3,23336.25,96.9,1932975,225,450,44175,61500,N,139800,YES,-2.9,191.95,1502400,225,3375,42000,-656550,Y,-34500,YES,3.41,49315,55080,-30,0,18570,14970,N,34470,N,0.14
03-02-2025 09:25,23396.5,351600,300,0,35175,9900,N,157950,YES,3.95,23351,23396.5,23399,23345,108,3357675,-1350,-825,46575,59625,N,-41700,Y,0.74,163,1646775,375,75,43575,-35925,YES,93675,Y,-3.74,49441.65,82680,-210,-60,18270,10620,N,-12690,Y,30.48
03-02-2025 09:30,23369.9,207525,0,5325,34575,-28050,YES,122475,N,2.65,23396.5,23369.9,23404.4,23369.85,92.15,3227850,-750,-1200,42000,-144975,YES,150075,YES,0.82,171.5,1716225,-750,0,40500,57900,YES,26100,N,-4.45,49489.95,94470,-1410,-240,16860,-18210,YES,15600,YES,48.22
03-02-2025 09:35,23348.2,200925,-75,150,37950,41925,Y,76125,N,-2.05,23369.9,23348.2,23370.4,23334.75,84.05,2718750,-150,675,41850,89325,Y,41400,N,-2.77,184.85,2231550,-300,150,39750,-5025,Y,32100,N,0.17,49380,42390,90,-30,14700,-5550,N,9990,N,8.49
03-02-2025 09:40,23327.7,175125,0,-600,37425,-63150,YES,42675,N,-1.75,23350,23327.7,23371.1,23325,76,2614725,300,-2700,40500,-97425,YES,148875,YES,-2.13,201.9,2030175,-450,375,42375,13125,N,-146325,YES,0.76,49311.05,42870,-60,30,12060,17670,Y,11610,N,1.29
03-02-2025 09:45,23309.45,235650,300,-75,40575,17625,Y,22950,N,-4.97,23324.1,23309.45,23332.7,23305.75,71.25,2300925,-16725,1950,43125,136875,Y,98400,N,-2.76,207.35,1801275,300,150,41400,6450,N,29625,Y,3.08,49319.25,28470,1320,0,14250,3750,N,8880,N,-1.07
03-02-2025 09:50,23317.5,99000,0,0,34050,-8775,YES,58125,YES,-1.89,23309.45,23317.5,23328,23307.4,72.65,1435350,-450,1575,47775,39900,N,26175,N,-1.4,202.9,1056075,-225,300,41400,-35250,Y,-12000,YES,1.43,49344.15,24030,-1350,90,14070,2910,YES,-21450,Y,-1.56
03-02-2025 09:55,23335.85,121800,-75,-75,38400,675,N,-3375,Y,-1.57,23315,23335.85,23335.85,23315,77,1304400,675,1050,48150,42525,N,30825,N,-1.02,190.3,693300,225,-450,40725,-1875,YES,60000,Y,0.37,49330.15,34650,30,0,12840,1650,YES,1920,YES,-1
03-02-2025 10:00,23328,66975,0,150,31275,8175,N,10725,N,-0.7,23335.85,23328,23340,23323,76.5,1416675,375,-450,45525,4950,N,70500,YES,-0.89,192.8,602625,150,300,41175,7500,N,22800,N,0.17,49301.1,16860,90,-30,12480,1890,N,2490,N,-1.15
03-02-2025 10:05,23342,103050,-750,-450,31725,-1950,YES,5175,N,-0.57,23326.4,23342,23351,23326.1,81.75,1599300,150,-600,47325,16575,N,11850,N,-0.64,182.1,734850,-75,150,41175,8175,N,19200,N,-0.1,49372.05,21690,0,30,11940,2130,N,10140,N,0.97
03-02-2025 10:10,23343.65,92475,75,0,30075,-26100,YES,81000,YES,-0.29,23344.05,23343.65,23357.4,23333.25,80.05,1615650,-1425,-225,42825,-39450,YES,25425,N,-0.52,180.2,861225,-75,450,43500,26550,N,-7875,YES,-0.33,49350,13380,-210,240,10740,-3210,YES,-690,Y,1.05
03-02-2025 10:15,23343.2,52575,-750,75,29325,-3750,Y,107850,YES,-0.35,23341.35,23343.2,23347.45,23330,78.25,978675,-3000,0,50475,80550,Y,57300,YES,-0.42,183,578325,-75,900,45000,-8325,Y,35850,Y,-0.04,49405,15660,0,-330,10170,29760,Y,-3120,Y,0.59
03-02-2025 10:20,23364,63600,750,0,29625,12450,N,-5775,Y,0.01,23340.9,23364,23368,23338.75,86.15,1612425,-300,-1650,42525,22725,N,-109725,Y,-0.29,166.8,786375,-375,-525,40950,-26925,Y,33300,N,-0.56,49505.85,32250,-30,-30,13620,-330,YES,-5610,Y,5.48
03-02-2025 10:25,23365,47850,-300,-300,28950,-17175,YES,4050,N,0.09,23364,23365,23368.9,23349.95,83.45,1661850,1050,-825,48375,-56550,YES,26100,YES,-0.24,167.6,705525,-1650,600,38550,3300,YES,13800,N,-0.62,49483.25,16500,180,-60,16170,-22980,YES,5190,N,3.24
03-02-2025 10:30,23360,58125,75,-300,29775,5775,Y,24300,YES,0.11,23364,23360,23369.7,23352,83.1,1041750,975,225,44550,36900,Y,18750,N,-0.19,168,487425,-225,-75,39000,11100,N,37050,Y,-0.38,49469.25,9540,-90,180,11610,-25380,YES,4500,N,1.47
03-02-2025 10:35,23356,43350,-75,-300,28125,3375,N,675,Y,0.13,23362.05,23356,23369,23356,84.75,1035450,450,-1200,46425,27150,N,-2925,Y,-0.11,171,471525,-375,-750,44850,20475,N,-1125,YES,-0.4,49428,8670,30,-30,8730,-5370,Y,14700,N,1.09
03-02-2025 10:40,23391,105975,0,0,26850,-104775,YES,-35625,Y,1.09,23355.6,23391,23399.95,23355.6,98.95,3514050,-600,-75,41850,29550,N,-216975,Y,0.84,148.95,1309725,-225,-10800,36825,-32250,Y,24000,Y,-1.84,49530,28770,-60,0,10890,5610,N,-9870,Y,5.62
03-02-2025 10:45,23396.9,73500,75,225,33375,2175,Y,-6300,YES,0.95,23391,23396.9,23405,23391,94.75,2348325,750,-1650,41325,-25575,YES,115875,YES,0.52,147.15,1083450,-150,675,43050,20400,YES,60750,Y,-1.67,49500,24300,0,270,13710,14460,N,12480,YES,5.7
03-02-2025 10:50,23389.95,55875,-300,-675,27525,-1275,YES,80625,YES,0.5,23396.05,23389.95,23397.7,23377.05,91.7,1640625,225,-3750,39225,115350,Y,-1350,Y,0.08,151.55,976275,375,75,37425,-12075,Y,1650,YES,-1.17,49440.1,13500,0,210,10230,5220,N,37980,YES,1.57
03-02-2025 10:55,23398,33900,-450,375,25650,76650,Y,-1050,Y,0.33,23385.4,23398,23400,23382.15,97.5,1359900,75,-225,48225,18300,N,-4575,Y,0.13,142.8,652125,-225,225,39450,12600,YES,41625,Y,-0.81,49489.1,6120,-30,-210,10530,1020,YES,480,Y,0.67
03-02-2025 11:00,23395.75,62925,375,375,33150,3450,N,12375,N,0.79,23398,23395.75,23409,23389.55,96.4,1706925,75,-2325,47025,-51825,YES,27900,YES,0.27,143.1,920475,75,0,45225,22125,N,34350,N,-1.27,49445,11520,0,-240,12000,-2130,YES,-240,Y,1.22
03-02-2025 11:05,23395,32700,-75,900,30825,4650,N,4575,N,0.35,23395.75,23395,23400,23390,94.3,888000,975,225,42900,-27825,Y,41325,N,0.11,145.65,419100,-525,-225,40875,34500,N,2775,YES,-0.51,49468,8310,-240,0,11250,-13350,YES,420,N,0.95
03-02-2025 11:10,23406,53775,0,675,42300,3825,N,-16575,Y,0.62,23395,23406,23406,23390.3,99.2,1409850,2175,-225,49725,63000,Y,-45675,Y,0.23,138.25,638925,150,300,43875,-13575,Y,20250,N,-0.84,49538.8,11790,0,60,10350,2610,N,-7200,Y,2.01
03-02-2025 11:15,23409.95,76275,75,75,29700,8175,N,-16725,Y,1.12,23406,23409.95,23418.25,23398,104.7,3253425,-225,2025,45600,-20175,YES,-60075,Y,0.89,134.6,1071375,75,-225,39825,31650,YES,26850,N,-1.51,49533,14700,0,-840,12840,2850,N,3300,N,2.89
03-02-2025 11:20,23388,54975,-75,2175,38400,-750,YES,12900,YES,0.6,23409.95,23388,23414.95,23386.55,93,1814250,0,1200,43200,-153975,YES,113025,YES,0.27,145.05,866250,-75,-225,41400,35475,N,-57375,YES,-1.03,49470,8520,0,0,12330,1500,YES,1380,Y,1.12
03-02-2025 11:25,23365.55,57075,-300,-750,27675,2250,N,-450,Y,0.22,23388,23365.55,23388,23365,85.55,2234025,-2025,-3000,42975,-43050,Y,67350,N,-0.14,157.1,1847925,-600,75,42225,-7350,Y,-52725,N,-1.21,49402.85,12810,-120,-270,9720,-5880,YES,-30,Y,0.84
03-02-2025 11:30,23362.15,38475,-4575,225,29700,-600,YES,-6450,Y,0.03,23365,23362.15,23374.55,23358.2,80.85,1554450,-600,150,44550,50700,Y,-8625,Y,-0.22,162.65,1164525,-150,-150,39825,-30450,Y,-17325,Y,-0.5,49384.6,16080,60,0,9630,15810,Y,-3990,Y,0.3
03-02-2025 11:35,23345.1,70350,75,0,32025,-14925,YES,6225,N,-0.13,23362.15,23345.1,23369.9,23343.95,71.5,2079150,-4275,-75,45975,-91575,YES,160500,YES,-0.47,176,1571175,-75,225,36225,5700,YES,-108525,YES,-0.25,49320,16920,-30,90,10380,-9570,YES,3030,N,-0.55
03-02-2025 11:40,23340,96600,75,-300,33900,-27825,YES,-975,Y,-0.63,23343,23340,23352.95,23325.95,71.9,2367525,-900,1200,48600,98475,Y,41175,N,-0.81,176.95,1804800,450,-675,40425,-50100,Y,-9675,Y,0.48,49340,15630,30,-60,10290,-29580,YES,2070,Y,-0.87
03-02-2025 11:45,23353.35,39225,75,0,34950,27300,Y,6975,N,-0.14,23340,23353.35,23354.8,23337.8,74.1,1124925,1725,-1200,53850,62100,N,-4500,Y,-0.31,171.6,708000,1125,1275,44550,15000,YES,26325,Y,0.04,49375.45,16110,-60,-30,11130,3570,Y,5220,N,-0.7
03-02-2025 11:50,23355.75,32925,75,-525,30675,-1200,YES,6075,N,-0.06,23353.4,23355.75,23359.6,23350,74,674100,-1650,-975,45900,1200,YES,67200,YES,-0.17,171.45,425325,375,-600,39975,-24000,Y,21975,N,-0.01,49341,7530,-30,-90,12960,-2820,YES,-6720,Y,-0.12
03-02-2025 11:55,23363.05,31725,0,-75,24600,-900,N,-6450,Y,-0.01,23354.75,23363.05,23365.9,23354.75,75.75,867600,2400,1350,47775,-3525,YES,2175,Y,-0.19,165.8,638400,-675,-225,41325,-825,YES,825,YES,-0.1,49411.55,7800,60,0,10380,1590,N,-3570,N,0.12
03-02-2025 12:00,23379,40875,75,-75,30000,3075,N,-5250,N,0.12,23362.1,23379,23381.4,23361.05,81.75,1624650,-2250,-1800,47625,21225,Y,-19125,Y,-0.25,154.2,827775,-225,-1800,39750,-5925,Y,17850,N,-0.31,49452.95,9960,240,0,11880,-390,YES,90,N,0.51
03-02-2025 12:05,23375.75,34200,150,0,26775,4350,N,-9675,Y,0.15,23379,23375.75,23384.8,23374.05,79.7,1272975,-1200,-825,55425,-24675,YES,18750,YES,-0.15,156.45,659025,0,-375,48075,11175,N,10200,N,-0.3,49430.2,10800,-270,90,10920,-10350,YES,10260,N,0.66
03-02-2025 12:10,23380.3,25725,-2775,675,22500,8100,N,-10875,Y,0.11,23375,23380.3,23388.2,23370,81.75,1338750,-675,300,48600,14775,Y,-86625,Y,-0.15,150.35,881925,-600,0,42675,12150,N,26175,N,-0.41,49470.2,9930,60,30,10620,1920,N,-2970,Y,0.75
03-02-2025 12:15,23364,21525,-300,450,24825,-4875,YES,2100,N,0.07,23380.3,23364,23383.95,23363.45,76.85,1123425,-1125,1875,49425,-32025,YES,70875,YES,-0.14,158.8,579450,750,-300,44250,30750,N,-2700,YES,-0.25,49475.2,12330,0,-60,10740,6180,N,690,N,1.31
03-02-2025 12:20,23370.95,38475,150,-750,29775,11250,N,-55350,Y,0.04,23364,23370.95,23375.55,23357.7,80.7,1231050,-1725,-3150,47025,59625,Y,-13800,Y,-0.18,156.15,855150,-375,375,41775,-6075,Y,6450,N,-0.24,49484.9,6060,60,0,9600,-540,YES,-1830,Y,0.58
03-02-2025 12:25,23377.55,26850,-150,-2475,22050,-4500,YES,6075,YES,0.11,23370.95,23377.55,23384.9,23370,81.35,1442025,2700,675,52950,3750,N,4050,N,-0.11,153.85,728775,75,900,45525,3150,N,24975,N,-0.32,49455,9150,0,-120,12570,1590,N,-7320,Y,0.94
03-02-2025 12:30,23381.35,20700,825,0,27975,4950,N,2700,Y,0.08,23377.55,23381.35,23383.7,23372,82.35,762375,225,1050,53250,55200,Y,15900,N,-0.07,151.65,307350,-1875,375,40125,8625,N,7725,N,-0.12,49486.6,12180,0,-30,12030,4980,N,-690,N,1.29
03-02-2025 12:35,23363.05,18075,-225,-150,31950,3900,N,-1275,Y,0.04,23381.35,23363.05,23384.65,23361,78.3,932325,2250,900,47175,-41550,YES,-72150,Y,-0.11,160,596850,675,75,48300,3000,N,-18600,YES,-0.17,49485.4,9090,-60,0,8580,690,YES,-3420,Y,1
03-02-2025 12:40,23367.8,16650,-300,150,18225,2175,YES,-14850,Y,0.01,23363.05,23367.8,23370,23361.05,79.35,675675,-2175,-1275,45225,31200,Y,94200,YES,-0.09,158,473325,75,-300,43575,-18600,Y,-4425,N,-0.1,49476.75,6120,0,-30,10920,1050,N,-16800,Y,0.57
03-02-2025 12:45,23364.95,40500,-75,0,36000,-3150,YES,-1800,N,0.01,23367.8,23364.95,23374.7,23355.75,77.45,872250,-225,-9525,47850,-67350,YES,27150,N,-0.12,161.15,571050,450,300,46650,13350,YES,-6825,YES,-0.13,49456.3,6780,-30,0,11190,-2010,YES,19290,YES,0.46
03-02-2025 12:50,23359.95,57150,-300,675,26400,-5700,YES,-2175,Y,-0.06,23364.95,23359.95,23366,23350,74.65,1012275,525,825,47550,-16200,Y,8025,N,-0.17,163.7,605175,450,-225,44175,6525,N,-8250,YES,-0.07,49445,24420,90,-90,9480,-24570,YES,-9390,Y,0.53
03-02-2025 12:55,23373.75,33825,75,0,27600,4800,N,-1800,N,0.02,23359.95,23373.75,23376.55,23353.35,81.4,1157400,375,375,42600,-3600,N,-49500,Y,-0.15,149.45,707475,-375,-150,42750,-30900,Y,3975,N,-0.22,49503.8,7800,-30,0,8130,-780,Y,-4560,N,0.7
03-02-2025 13:00,23416.1,141000,1125,75,28875,-4350,YES,-41100,Y,1.5,23373.75,23416.1,23429.7,23373.75,100.35,4395900,-825,-1950,43275,18600,Y,-391275,Y,0.38,129.2,1830900,-225,-975,44850,9075,YES,17775,N,-1.3,49589.75,26010,-30,-240,11430,870,N,-31410,Y,4
03-02-2025 13:05,23438.25,87375,-825,150,29250,11775,N,-11625,YES,1.11,23419.95,23438.25,23444,23403,115,4733175,300,825,44325,18900,N,-189300,YES,0.95,118.7,1869300,-6225,-225,43800,-31125,Y,39150,Y,-1.52,49640,33660,300,120,13770,9330,N,-27150,N,6.29
03-02-2025 13:10,23441.35,102225,-75,225,35775,-11100,YES,39000,YES,1.6,23440.05,23441.35,23448,23427,110.4,3423300,450,825,45375,50625,Y,112800,YES,0.86,120.3,1716750,0,225,42825,134775,YES,107175,Y,-1.53,49618.45,19440,60,-90,14760,-870,YES,-4860,YES,3.84
03-02-2025 13:15,23425,87675,75,2850,35250,-10575,N,63225,YES,1.35,23439.6,23425,23447.3,23419.1,101.7,3383025,900,2025,43650,-151125,YES,84525,N,0.69,126.45,2064450,-225,450,43650,106500,N,-41250,YES,-1.7,49560,17850,90,0,11310,-2640,YES,4080,N,3.14
03-02-2025 13:20,23414.9,62625,0,-2625,30525,2400,N,5025,N,0.71,23425,23414.9,23430,23412.1,95,2405100,1125,2400,45975,-47250,Y,71025,N,0.22,132.1,1821750,-525,450,43875,-25200,Y,8175,Y,-1.16,49523,14340,0,0,10080,-1680,N,5340,N,1.69
03-02-2025 13:25,23406,48225,-225,825,31500,-2400,YES,5400,N,0.4,23414.9,23406,23419.9,23400,89,2396400,-525,2025,42900,34500,Y,27150,N,0.05,137.7,1700775,675,375,39600,-29925,Y,-39075,YES,-0.83,49485.5,16650,-150,0,10290,-15390,YES,-7830,Y,1.17
03-02-2025 13:30,23402.55,37200,-150,-75,27075,-15075,YES,20775,N,0.25,23406.45,23402.55,23410.8,23394.25,92,1715850,-975,-1575,50025,69150,Y,9600,N,-0.02,137.45,1191150,150,75,44775,17775,YES,5925,Y,-0.48,49485.8,11730,-30,30,10890,2580,N,26310,YES,0.68
03-02-2025 13:35,23413.6,23325,150,-75,21900,6450,Y,-4725,Y,0.21,23402.55,23413.6,23420,23402.05,96.35,1802100,825,525,44850,36525,N,150,Y,0.08,132.95,891225,375,75,44325,-20625,Y,41100,Y,-0.39,49505,6150,60,-60,8130,19560,N,-7500,Y,0.4
03-02-2025 13:40,23429.35,23250,750,0,24225,44100,Y,-1275,N,0.25,23413.6,23429.35,23431,23413.55,104.8,1937100,975,750,43425,43050,N,-91500,Y,0.19,127.6,1030275,525,825,42300,-24750,Y,1650,YES,-0.54,49556.65,7050,-90,0,8610,4020,N,17130,YES,0.69
03-02-2025 13:45,23422,37200,-750,-450,26175,-51300,YES,22050,YES,0.45,23429.85,23422,23435.8,23418.15,98.3,2571225,-2700,1950,45900,-108150,YES,110925,YES,0.32,133.8,1324275,150,-225,43875,82275,YES,-47250,YES,-0.68,49526.65,10770,180,90,12000,930,YES,600,Y,1.27
03-02-2025 13:50,23393,99000,150,0,34950,1050,Y,3975,N,0.37,23420,23393,23422.35,23366.25,84.95,4183425,75,150,46050,31650,Y,22050,N,-0.23,148.85,3098175,-375,1200,41700,-68025,Y,-107475,YES,-0.52,49467.1,17160,-30,120,13080,-3870,YES,-780,Y,0.84
03-02-2025 13:55,23397.25,23700,75,-750,24900,-3150,YES,8700,N,0.11,23393,23397.25,23399,23387.5,87.3,1273800,-750,-3900,45975,1950,YES,-22425,Y,-0.04,146.75,924750,300,225,44925,-9675,YES,36300,Y,-0.17,49474.8,4230,90,-60,8100,-300,N,15600,N,0.19
03-02-2025 14:00,23405,31050,-150,-825,24825,-1425,N,33750,YES,0.22,23397.25,23405,23415,23395,90.95,2296800,3000,525,46725,-8100,YES,32925,YES,0.01,139.65,1259325,450,-225,40275,27750,YES,20325,N,-0.35,49484.5,6150,-30,30,11010,-900,YES,-2130,Y,0.34
03-02-2025 14:05,23413.65,37500,150,525,24075,-450,N,-300,Y,0.31,23405,23413.65,23420,23404,94.85,1565175,750,1725,48075,1725,N,150,Y,0.05,134.65,831000,-150,0,47400,22275,N,40275,N,-0.29,49502,9960,0,-90,9990,1710,N,-1620,N,0.71
03-02-2025 14:10,23419.8,36375,600,150,29850,4125,N,-5100,Y,0.34,23413.05,23419.8,23429.95,23410,97.6,2215950,600,2175,45450,-5475,YES,-49575,Y,0.15,133.85,1164450,900,150,44025,-8850,Y,-4950,YES,-0.45,49529.8,5970,120,210,8400,2190,N,-990,N,0.51
03-02-2025 14:15,23423.2,21750,-225,0,22875,-2100,YES,-4875,N,0.21,23419,23423.2,23428,23416.85,100.75,1346925,825,-900,49125,9075,N,-1275,YES,0.1,132.4,621600,600,0,44250,19275,YES,17325,Y,-0.23,49526.2,3180,30,-60,8490,60,YES,-600,N,0.28
03-02-2025 14:20,23420.8,71850,-150,0,27525,2475,N,-13350,Y,0.64,23423.2,23420.8,23433,23405.8,100.8,2144325,-75,1500,46425,56400,Y,-55650,Y,0.17,130.35,1266225,750,1500,42600,-44175,Y,15000,N,-0.44,49530.3,3930,0,-210,7890,990,N,-1590,Y,0.3
03-02-2025 14:25,23432.7,44325,1650,-450,24375,-3900,YES,101175,YES,0.52,23421.95,23432.7,23440.75,23421.95,105.75,2543325,-900,750,41625,-35400,YES,-37200,N,0.29,125.45,1211175,-900,-375,41175,34725,YES,26475,N,-0.51,49548.65,5190,-30,-30,8010,-4530,YES,-1980,Y,0.51
03-02-2025 14:30,23424.4,35775,-1500,75,25200,5850,N,109875,N,0.33,23432.7,23424.4,23437.15,23412.35,98.15,2279475,-375,-1350,46725,24600,Y,115950,YES,0.12,129.6,1526400,-600,975,43425,9975,N,2475,YES,-0.52,49519.95,4860,30,30,8310,-17970,YES,2400,N,0.4
03-02-2025 14:35,23420.55,24000,300,375,25875,6975,N,2325,Y,0.24,23424.4,23420.55,23434.8,23419.35,98,1869450,75,150,46125,-46425,YES,4500,N,0.12,130.95,1037625,600,300,40950,31125,YES,19575,N,-0.38,49539.85,3270,0,0,7680,-4290,N,29640,YES,0.31
03-02-2025 14:40,23423.95,19875,-75,75,27375,1725,YES,3525,N,0.17,23420.55,23423.95,23426.55,23417,99.9,1111200,1650,900,49200,63600,Y,19650,N,0.06,128.7,817650,900,0,43725,-17100,Y,13650,N,-0.26,49549.95,3690,60,-30,8100,480,N,270,Y,0.32
03-02-2025 14:45,23405.3,29100,75,-150,25575,-7575,YES,-3225,Y,0.22,23423.95,23405.3,23426.85,23404.5,92.75,1863225,1650,525,55500,-70950,YES,30525,N,0.05,135.35,1187175,75,-1200,47850,-13050,N,-47925,YES,-0.34,49525.1,6510,-120,-60,9150,-1320,YES,-870,Y,0.62
03-02-2025 14:50,23417.95,24750,375,-75,24900,11850,N,-5700,Y,0.15,23405.9,23417.95,23419,23401.1,96.2,1530600,-450,1200,45600,-6450,Y,-19425,Y,0.01,129.2,1086825,375,-1650,43200,-58650,Y,75,Y,-0.29,49544.4,11010,-60,0,9750,1890,N,-240,N,1.06
03-02-2025 14:55,23432.05,51825,-375,75,30150,-8775,YES,5775,N,0.45,23418,23432.05,23434,23414.7,102.5,2053500,1575,-900,43275,15675,Y,-72150,Y,0.11,120.7,1341825,975,0,43725,-14475,YES,25200,Y,-0.49,49550,7560,-30,0,8400,3090,N,4620,N,0.81
03-02-2025 15:00,23438.7,86400,0,0,29325,-17925,YES,-3450,Y,0.96,23435,23438.7,23445,23425.6,102.2,3666375,-2850,375,55800,-51300,YES,1725,YES,0.31,119.4,2134950,-1125,-300,42600,19500,YES,39975,N,-0.92,49501.15,14160,30,90,10290,-3570,YES,8970,N,1.27
03-02-2025 15:05,23454.35,139275,0,-75,29850,-4350,N,-64575,Y,1.72,23439,23454.35,23454.35,23435.05,109,2290125,-300,600,43500,30225,Y,-74475,Y,0.22,112.5,1398600,4575,1500,39975,-75000,Y,28950,N,-0.64,49520,29520,30,-90,10500,-1170,N,-2610,Y,1.7
03-02-2025 15:10,23451.55,126525,-225,0,30750,-7575,YES,-49050,N,1.71,23451,23451.55,23461.35,23445.35,108,3041400,-150,-3000,45375,-63600,YES,-900,YES,0.37,116.15,1896825,-600,1275,46350,5475,YES,-53175,YES,-0.86,49524,8610,0,-120,13650,-1170,N,1020,N,0.61
03-02-2025 15:15,23443.95,103575,-225,2325,34950,-11775,YES,-8100,YES,1.12,23448,23443.95,23453.4,23434.05,106,2047500,-2475,-375,51000,-36300,Y,-52050,Y,0.17,120.55,1708050,0,-1125,52350,-20475,Y,-49575,N,-0.64,49491,20370,0,-30,12990,-33900,YES,-3660,Y,1.08
03-02-2025 15:20,23436.4,66675,-225,-150,30375,-9450,N,-26925,Y,0.66,23443.25,23436.4,23443.95,23435.9,102.85,1357875,-900,5550,46275,-56100,YES,-25575,YES,0.1,121.3,1058100,375,0,47325,-38175,Y,-39225,N,-0.37,49494.9,11010,180,0,12240,-4710,Y,600,N,0.47
03-02-2025 15:25,23440,221025,150,1350,37800,-143850,YES,-125175,Y,1.93,23436.4,23440,23440,23432.6,105.75,1825275,-600,-975,45000,-577350,YES,-232650,Y,0.14,114.8,1643400,75,-525,51900,-929250,Y,-160650,YES,-0.57,49505.05,21510,-180,-30,14460,-38550,YES,-38910,Y,1.06
