last_traded_time,n_buy_corr,n_sell_corr,n_tb_ts,ce_buy_corr,ce_sell_corr,ce_tb_ts,pe_buy_corr,pe_sell_corr,pe_tb_ts,n_ltp_diff,n_buy_diff,n_sell_diff,ce_ltp_diff,ce_buy_diff,ce_sell_diff,pe_ltp_diff,pe_buy_diff,pe_sell_diff,percentage
01-10-2025 09:15,0.6715609596896981,0.598873376771402,0.9047928682683417,0.2684394875911245,0.2888966278705436,0.8421084033844716,0.08295022742587592,-0.553146986464544,-0.14159232567247623,15.75,92800,61175,1.1500000000000057,343350,168375,-7.099999999999994,-17025,161925,48.359569590427526
01-10-2025 09:20,-0.390124492071758,-0.47333471999486565,0.7471079095262716,0.0950742376471627,-0.5311054147012316,0.7075179802419699,-0.07938408431520057,0.27592958087493547,0.4667293439487282,1.7999999999992724,16900,53475,1.8499999999999943,90900,234150,2.6999999999999886,507450,119400,41.84786403691248
01-10-2025 09:25,0.8688137138500576,-0.6021711394320557,-0.6447716636889579,0.8024274510672533,-0.9449412725798673,-0.7247268465676018,-0.00816497781647162,-0.7203075088125167,0.03943446984971558,-47.5,-39250,26550,-22.100000000000023,-128100,136350,26.80000000000001,24900,-102900,59.508433818494396
01-10-2025 09:30,0.9510675708176739,-0.5947888489057204,-0.5498108922384447,0.8792531550821555,-0.9035461817326172,-0.7079381887539646,-0.042981592538316016,-0.9282156137379052,0.05435665326983631,-52.650000000001455,-25175,6275,-15.400000000000006,-39000,86325,30.450000000000017,-30000,-50025,62.355096634184825
01-10-2025 09:35,-0.0710289134354501,-0.47873299740044883,0.14701447260676428,-0.2787998732068574,-0.6141476677272409,0.5933577796602664,0.4018897631435898,-0.5152907391805537,0.3111220083293231,-16.200000000000728,20275,117475,-5.349999999999994,46350,36600,15.450000000000017,-1350,-31425,37.904269052116604
01-10-2025 09:40,0.4901248960817316,0.39803542978486933,0.8749688773661017,0.5359603588960635,-0.1115385101853802,0.5989629979650654,-0.032949619510108524,-0.6356794528604375,0.27068426159620773,23.799999999999272,18300,458025,5.300000000000011,82800,42750,-13.149999999999977,-2100,45975,43.87671560273294
01-10-2025 09:45,-0.30110612400960396,-0.7627986348017297,0.37644594666902415,0.46166869566631863,-0.47463488850670893,0.12433781691530728,0.03708688807401478,-0.7235837566235771,0.138368583996594,-31.599999999998545,5175,26550,-10.199999999999989,-76050,25575,18.849999999999966,-4425,-37950,37.77812594736532
01-10-2025 09:50,0.520039999083701,-0.4555612294912303,0.32701242437732836,0.4387822663568019,-0.3140872083955749,0.47625290506485457,0.29671033875546676,-0.4707943678488269,0.1619125141503628,-1.0499999999992724,25175,15575,-1.5499999999999972,44250,51825,-1.25,4125,12075,38.457258372490536
01-10-2025 09:55,0.9693955176238073,-0.8399062692160171,-0.8802941884190717,0.8991868964689838,-0.8785813904439522,-0.6930184955360751,-0.17455531890880246,-0.9596000013524765,0.1856436494244126,-49.0,-49525,15150,-10.599999999999994,-42150,103050,33.05000000000001,-1650,-77175,72.0020191932622
01-10-2025 10:00,0.5047013723763587,-0.027050240768261225,0.3719821876963545,0.27057331955372477,-0.678219970981607,0.3688901963801258,0.06886138482566816,-0.3005650567892501,0.02448665247493299,-16.700000000000728,8325,3675,-2.5999999999999943,52425,70950,9.899999999999977,6075,-5925,29.05922646495871
01-10-2025 10:05,0.8703901975598585,0.5417133769421973,0.6087773323767633,0.7619244349028204,-0.6278362617115701,-0.2955697900063677,0.11402134388383182,-0.7995750471301724,-0.11166272460572527,32.900000000001455,23600,15300,6.8500000000000085,110625,-2250,-23.55000000000001,-15900,18825,52.57189454577008
01-10-2025 10:10,0.10430227897586573,-0.3870877697214133,0.3607271765966104,0.4266150643123594,-0.6881499264590503,-0.048973816325110185,0.1255490631245926,-0.1081275729977297,0.16389956841225187,5.900000000001455,16025,7800,2.3499999999999943,25950,-4725,-6.800000000000011,-6900,8700,26.815913743610924
01-10-2025 10:15,0.3383054521967383,-0.01748532671690053,0.15267075528201493,0.5589369151340272,-0.07269501634196654,0.05528249767068579,0.4982654576657919,-0.7592102914484434,-0.4622594383891014,19.549999999999272,22150,2000,3.9000000000000057,31725,-8025,-15.699999999999989,-22650,20700,32.390123898285225
01-10-2025 10:20,0.8127230786707849,-0.7623348465724055,-0.6123216667347954,-0.6151268417484957,-0.9192752113597222,0.7172642079042885,0.2538485307701833,-0.9142103458664849,-0.1493445039873007,27.0,11725,-7250,8.549999999999997,-37800,-120975,-21.599999999999966,-1500,13350,63.96054704016068
01-10-2025 10:25,0.44098268224675174,-0.682581971174842,-0.3831853188845487,0.811612156637785,-0.823230266664889,-0.664755405867972,-0.1718513450424827,-0.6169682155027443,0.12252249940174151,-34.29999999999927,-2775,13925,-9.200000000000003,-13350,60225,21.05000000000001,10125,-1950,52.418776238041744
01-10-2025 10:30,0.6333824032513221,-0.4978496072374066,-0.41363516215688567,0.9158273413150164,-0.8952494280043904,-0.8418408986995694,0.13400359549229465,-0.9250227602698606,0.020460226793028946,-11.0,-2075,4425,-4.599999999999994,-21300,47100,5.550000000000011,-5925,-13200,58.63634914688638
01-10-2025 10:35,0.02202788892892363,-0.7707306492619144,-0.18588926227533467,0.09834979858980016,-0.8049725068014764,0.40669774520349916,-0.04618339151852891,0.21689006382013146,-0.3859232486501274,4.400000000001455,9675,-3575,1.1000000000000085,105525,35400,-0.6999999999999886,-1425,16725,32.6407172783304
01-10-2025 10:40,0.6188434705500502,-0.8181258959720245,-0.4982116031082697,-0.7371360884254017,-0.8477687177117156,0.637700523566764,0.3104749221814617,-0.31505140025963685,-0.4174557767874984,41.150000000001455,9775,-7000,12.0,-71625,-69375,-28.700000000000017,-3375,3450,57.786315539586916
01-10-2025 10:45,0.693472016905791,-0.9668409380067112,-0.5999143237881207,0.6948849233036148,-0.8901141462977085,-0.5896719687879838,-0.07943441764493447,-0.09424382971367896,0.14004968125810785,17.450000000000728,3300,-17100,6.75,-11175,-135600,-16.600000000000023,-3375,3900,52.76251384118502
01-10-2025 10:50,0.5071104450727814,-0.6723602817564015,-0.39647614736768094,0.893772182387829,-0.647200700516115,-0.6452487084444808,-0.11747473051928253,-0.8404152237708028,0.2865984939526064,15.950000000000728,11450,-5075,5.6499999999999915,9675,23775,-9.950000000000017,-13950,10950,55.6295212643109
01-10-2025 10:55,0.4044932404054121,-0.48522461609417583,-0.06851103418492759,-0.0009514389957915701,-0.4464048559250951,0.4212652990949781,0.08163654160649608,-0.25884666888960484,-0.046402432628439086,-0.5999999999985448,10475,4825,-2.75,11175,13125,-1.3500000000000227,-3225,8925,24.597068086943562
01-10-2025 11:00,0.6942730315582017,-0.80722000973801,-0.5228427636835037,0.745851239892031,-0.7374685262618679,-0.3426140571872979,0.09170338595358415,-0.7170518327242,0.191765590735608,47.29999999999927,13675,-39125,22.75,70575,-271725,-29.099999999999994,225,20325,53.89767153038115
01-10-2025 11:05,0.18658882574873292,-0.5978440295175071,-0.3873754957776619,0.2001035507763094,0.09364311413805378,-0.3164189836690867,0.10210336044649476,-0.5005666825222237,0.12400809907695852,5.0,-6375,4275,3.3000000000000114,-37725,79500,-5.0,6000,36450,27.873912685255874
01-10-2025 11:10,0.5124907062725506,-0.6602908270249941,-0.3820255372200578,0.6655526202638697,-0.6328421434048854,-0.43359578965249473,0.45878847893496133,-0.6922997235036712,-0.20867953724684196,25.400000000001455,13425,-27900,10.5,-7275,-18375,-14.050000000000011,-70500,66825,51.62850403915918
01-10-2025 11:15,0.253800549133432,0.14755399177168474,0.43528996108183654,0.4870575676593463,-0.22138503742069174,-0.206059510903189,0.20660972948203002,-0.2193255522918304,-0.07390293004065822,22.950000000000728,550,7500,12.650000000000006,-12000,-15675,-4.099999999999994,18525,98775,25.010942553163325
01-10-2025 11:20,0.5038345076093206,-0.8756488696533864,-0.28430049752523007,0.8743965438140987,-0.769457585317935,-0.6473059034835638,-0.13067469856353126,-0.6370684725208847,0.29726197248792396,-45.29999999999927,-975,34175,-26.0,-99525,56325,18.94999999999999,11700,-49350,55.77721167750972
01-10-2025 11:25,0.17899511688765757,-0.3908871019688328,-0.39966560432303055,0.7681280856057395,-0.6131450560907997,-0.3014836006597067,0.3822032747936984,-0.7567654612236593,-0.12228414959396564,0.25,7300,2675,-2.1000000000000227,29400,40575,-3.4000000000000057,-14250,-6825,43.483971679412114
01-10-2025 11:30,0.322474223180646,-0.420809795653096,0.18218722674992663,0.6196226409430153,-0.47517540726402246,-0.8359644817810208,0.003405350620745315,-0.07634971309455046,-0.0014194323693234316,21.799999999999272,15800,16500,10.050000000000011,-24525,63300,-10.149999999999977,27600,71475,32.63786968507051
01-10-2025 11:35,-0.4238669955143041,-0.7740682982044753,0.34144744912156644,-0.03663148953487076,-0.7335080881116394,-0.16629676715072556,-0.08536255553719653,0.12993561305761742,-0.3331614415305204,-26.049999999999272,26025,10800,-14.0,-5850,55725,9.849999999999994,8025,14475,33.603096641810176
01-10-2025 11:40,0.9177710101688275,0.5415813138677631,0.44729437631139984,0.7638477821731681,-0.4580124228412728,-0.04608203908053509,-0.3726795389230953,-0.8458695051536435,0.5245442939177669,-54.10000000000218,-16400,-8375,-28.899999999999977,-26625,18600,29.0,9375,-47925,54.64091424930524
01-10-2025 11:45,0.6780000853143135,0.2650537763025129,0.7143530065328513,0.8275721815141687,-0.1618533981018803,0.16572597404295242,-0.006445512845157762,-0.29744722833936943,0.1508413057414609,22.700000000000728,12450,20825,9.400000000000006,78825,26550,-11.400000000000006,7650,20775,36.30324965260741
01-10-2025 11:50,-0.03583011076862621,-0.5923639605877221,0.025317850108826864,0.7961582146832824,-0.701620820620409,-0.31638300774443695,-0.0017661580658732286,-0.4472639053507206,0.16667475527131076,-17.450000000000728,7050,11225,-8.950000000000017,-40500,86025,2.75,4575,14175,34.259764257791204
01-10-2025 11:55,0.6777822320206336,-0.4892073752428738,-0.19801169719164455,0.9244572497507705,-0.8524555003319809,-0.755992735868314,-0.04177113670701573,-0.8661478207894427,0.11631604909991246,27.599999999998545,8100,4425,11.449999999999989,79425,-61200,-12.199999999999989,3525,18900,54.69046441113987
01-10-2025 12:00,-0.30113531197352256,-0.78159152888283,0.32529009163493644,0.8306711785398346,-0.49261072556037777,-0.5393424840041425,0.05746320201283762,-0.7128229578167439,0.10476283562638732,7.950000000000728,-775,-16400,2.8000000000000114,-11400,21750,-4.550000000000011,8400,225,46.06322573390681
01-10-2025 12:05,0.228380268800923,-0.7505320315423604,0.023254187774523906,0.23333310382334618,-0.8900325861633629,-0.0948550667361854,0.27993485114104855,-0.3365663350164787,-0.08762201111895108,-34.35000000000218,-5250,8550,-19.349999999999994,-48450,70875,20.700000000000017,13425,-24825,32.49456046796867
01-10-2025 12:10,0.5330453173077572,0.2813319241994846,0.1358627832788947,0.9163534449996465,-0.708565447868485,-0.5700655647307014,0.03025784575707911,-0.655745530289878,0.18455298819004184,16.400000000001455,-14525,8450,6.349999999999994,50775,-51975,-6.25,-23850,-5775,44.61978718468853
01-10-2025 12:15,0.19388882532577603,-0.5725844829193414,-0.13546332991844184,0.58699453842298,-0.8673639237791033,-0.4219650493999388,-0.31992835487824484,-0.49124210934529505,0.23397160170583398,31.400000000001455,350,-11125,14.700000000000017,22950,-93900,-17.549999999999983,8175,48825,42.48224684105506
01-10-2025 12:20,-0.5962647430512447,-0.7429401627961743,0.49103334007190114,0.7873709763618207,-0.7619454122604395,-0.6808236180299209,0.008274789663579071,-0.8659470947164003,-0.04904187864340993,-34.20000000000073,32075,3650,-15.349999999999994,-28650,50700,16.05000000000001,3825,-30525,55.373800173276564
01-10-2025 12:25,0.43711591540416433,-0.38238749842209474,-0.05963198698940638,-0.057668677055356166,-0.6622330177757667,0.5951797399890618,0.4157700011343875,-0.395435360270309,-0.1258698313563317,-7.099999999998545,-8025,7450,-7.050000000000011,27900,57675,7.849999999999994,600,-16425,34.792133648854204
01-10-2025 12:30,0.853054643494688,-0.288962614323587,-0.09655410372266153,0.9354742721141521,-0.10414489732780528,0.04922194486349881,0.2292657964334176,-0.8983412212630798,0.0467719471383098,-13.150000000001455,775,8275,-3.9499999999999886,-31275,-12525,6.199999999999989,-8700,-26250,38.90879378534666
01-10-2025 12:35,0.2999931776829369,0.33962012029644223,-0.21794777193307457,0.2322859746778337,-0.7310210671955318,0.11978901913584547,0.13755839960565389,0.0945909226078374,-0.2360672002498449,-1.4000000000014552,1100,350,-1.0,34875,57075,0.8999999999999773,-4125,20625,26.7652628153889
01-10-2025 12:40,0.12028637642337561,-0.6381972569511052,-0.23699350726028598,0.020369435454276007,-0.8620892755343174,0.07601119590989705,0.2084660810058844,-0.7869725827396586,-0.110814934304082,22.849999999998545,-100,-5575,9.800000000000011,-4650,-30900,-13.25,-7725,31200,34.002229395365354
01-10-2025 12:45,0.35258864073306434,-0.0981226601858862,0.0378839185795054,0.6914918128201922,-0.33236725827544983,0.12901505794668777,0.2982768336162229,-0.26173395117037657,-0.12874404585698285,10.650000000001455,-1975,-7300,5.400000000000006,2400,-42300,-6.349999999999994,7950,2850,25.8913797687152
01-10-2025 12:50,-0.1586297064952185,-0.720148701393013,0.1880243796088191,0.4293577639938699,-0.8350272167950531,-0.026150064238187463,-0.11867711212668285,-0.7197172452798068,0.1343638215949658,-4.950000000000728,5125,1325,-1.6999999999999886,28650,46725,2.6500000000000057,-14325,-1425,37.00106679472908
01-10-2025 12:55,0.6394367800209323,-0.6142369371891399,-0.5760526243839557,0.7458225266231966,-0.4823674534247889,-0.5474031197905052,-0.10212719499088195,-0.662415820875507,0.15273165995278956,-20.200000000000728,-3975,13825,-11.199999999999989,-46650,19125,12.75,9225,-28575,50.25104574724107
01-10-2025 13:00,0.2832355673524757,0.2220252173034987,0.18860268182434214,0.7700855866195137,-0.4647363329235108,-0.21094546921311516,-0.009432261884507171,-0.7699753021700354,0.005437363142767836,-2.25,2850,2525,-0.8499999999999943,21450,41025,0.9499999999999886,17025,3450,32.49417536037519
01-10-2025 13:05,-0.2137530466665386,-0.18190860192614744,-0.15786873169387558,-0.23629842923179115,-0.7968661233328537,0.4528412466508126,-0.05763161042550333,-0.4039557111128385,0.02374229292631857,3.75,8725,1300,0.20000000000001705,36225,9600,-1.4499999999999886,-4875,1725,28.05406437740755
01-10-2025 13:10,0.24999859661016047,-0.35385977868946583,-0.4358764832422793,0.24196443584369512,-0.6740906180553379,0.18231811255189653,-0.1049630703891308,-0.7277823082714381,0.28089215692832203,-5.450000000000728,-2075,1875,-4.099999999999994,-6375,48900,5.450000000000017,-5025,-19500,36.130506228685846
01-10-2025 13:15,0.30173564076651793,0.033701037913053525,0.19081362134588928,0.24156282653262978,-0.6782146327928584,-0.1514154936665316,0.11418998000721083,-0.8049806260940654,0.08864836995616532,8.400000000001455,2325,2025,4.400000000000006,-3000,-14775,-6.75,-2325,9000,28.947358100832467
01-10-2025 13:20,-0.07021157208279113,-0.25237489999479856,0.3818398201917625,0.6244279016030772,-0.5746121157640882,-0.5767513842605918,0.06499927875170881,-0.2314887146180021,-0.1902071392883557,-1.5499999999992724,1550,-2725,0.15000000000000568,-8175,19425,-2.3499999999999943,5775,4725,32.96569807283529
01-10-2025 13:25,0.871523688894418,-0.12168874854849437,-0.23019703451439352,0.8727157973172661,-0.5806099886031517,-0.3594372435344551,0.06236955561099211,-0.9208098057552164,-0.10364768857568227,-23590.85,-408850,-937475,-133.8,-1466400,-987675,-193.25,8550,-447450,45.81110612615633
01-10-2025 13:30,-0.40014856700476525,-0.20753068454888254,0.16693080340692368,0.570559209246881,-0.6461828499306906,-0.6895488453536346,-0.26921828506766804,0.5588409805973856,-0.38065648878809544,23573.0,402375,944425,126.5,1425300,987000,206.0,-750,405750,43.217963488276965
01-10-2025 13:35,0.4516640203119721,0.09403127931439316,0.27317869178730936,-0.1752485777990056,-0.056976283413540385,-0.42157474670420825,0.18624806856709458,-0.633785951876894,0.18540497443602683,0.0,525,-1850,-1.4500000000000028,19350,23475,-2.0500000000000114,-7350,5775,27.534584380116044
01-10-2025 13:40,0.7057195288245245,-0.7148114774993085,-0.4185570799963948,0.5930702977231409,-0.8429489829019392,-0.3548654024099046,0.299511777173532,-0.7388908303019224,-0.020284477644569324,14.850000000002183,4450,-600,8.650000000000006,26175,-80100,-12.599999999999994,6000,22350,52.09622060528041
01-10-2025 13:45,0.8198176553025603,-0.6538564020297813,-0.36615289978765375,0.5172261328570784,-0.8962155196436166,-0.32584651868425607,-0.26167468629830437,0.40604883397826735,-0.5257370628514253,20.25,15650,-450,7.299999999999983,-2775,-29175,-10.649999999999977,-225,5475,53.028619015921585
01-10-2025 13:50,0.6580854504219872,-0.591072397669967,-0.29509918544130737,0.47696393929684555,-0.9285581974166378,-0.30773294407299706,-0.2203886694176932,-0.7228263019777434,0.21054993149007664,-17.299999999999272,-2050,4300,-5.599999999999994,10200,44250,5.699999999999989,-5700,4875,49.01418908005839
01-10-2025 13:55,0.2818880221553251,-0.3473816793687021,0.3051020009925121,0.25934394703455066,-0.7877119286052988,-0.21153871901750274,0.14157302464393984,-0.36981808120288123,-0.10600442106960402,10.0,5200,2100,5.6499999999999915,27450,-8850,-7.950000000000017,-600,15450,31.226242489892407
01-10-2025 14:00,0.4086814027304845,-0.30206558140366363,-0.1586872486071203,0.5919630688281783,-0.8358254128414435,-0.49021956415559603,0.4254674278035899,-0.8944626847396947,-0.3252031655367025,-20.19999999999709,700,-200,-8.400000000000006,-42825,27150,12.849999999999994,5850,-39450,49.25083951829416
01-10-2025 14:05,0.6151948406962413,-0.44365336329655797,-0.5893499819569744,-0.009557576168184189,-0.7585847642997211,0.5363130489550473,0.3266608078498928,-0.8399960262438801,-0.39286971931485476,-9.600000000002183,-4125,2175,-2.8499999999999943,70350,41250,4.799999999999983,-10425,8250,50.13533476423726
01-10-2025 14:10,0.9395513921964737,-0.23062946311602656,-0.14083258858659567,0.994349191048401,0.969184885490802,0.9860461875283563,-0.06470988617031113,0.5913294160691022,0.0471055011041384,-49.849999999998545,-59300,3350,102.45,1367775,1032300,36.5,-675,-133800,55.15265012566897
01-10-2025 14:15,0.629854081209611,0.15026557730907195,0.2595851082999871,0.7513950257326456,-0.21488901499110938,-0.3970998723568262,-0.009872912802792679,-0.022021331104396018,-0.03663392054666622,-9.950000000000728,-3525,107025,-5.3500000000000085,-65700,-5550,1.8000000000000114,-1725,-44475,27.462409381701182
01-10-2025 14:20,0.41772983487537163,0.529145462168778,0.5374044353446131,0.41892177466880043,-0.7954105057928305,0.00702807715873549,-0.0824450166521358,-0.5108673411808351,0.1120351633905761,-16.0,-11850,-212275,-5.1499999999999915,15450,23100,9.250000000000028,-11100,-12450,37.89986234702974
01-10-2025 14:25,0.805527351966508,-0.3844966406253638,-0.42634504796702566,0.9271498609649418,-0.716317837873206,-0.6961833413144956,0.22876391617779493,-0.7119076505957991,0.0655728690553504,22.0,-925,1725,9.200000000000003,54525,-29700,-14.800000000000011,-3150,300,55.136272406005396
01-10-2025 14:30,-0.5517505485006099,0.31161698647953595,-0.5873176983156949,-0.12782130150825252,-0.7192256475438277,0.1164025106160662,0.169099049875399,0.4164023784131485,-0.06978294101563019,-15.400000000001455,6000,-5700,-6.25,7275,22575,7.800000000000011,11850,16800,34.10465624742406
01-10-2025 14:35,0.8577158200545919,-0.5915794595003179,-0.42876119106298055,0.7985694921077577,-0.3060954942460943,-0.3590466630651208,0.15579232140521687,-0.9129998359855843,-0.13654420321624802,-17.450000000000728,-9300,5550,-3.75,-38925,3525,9.5,-8925,-31650,50.5233831182657
01-10-2025 14:40,0.6065242607258898,0.4946677200017524,0.6899619834883223,0.7668769122247562,-0.7445164064622308,-0.5200010706344482,-0.15639889545273514,-0.7324809280022637,0.21976100535891516,21.650000000001455,4550,29100,7.049999999999997,44100,-19950,-17.400000000000006,-6600,19950,54.7909909150146
01-10-2025 14:45,0.06262582890160394,0.5322887365698034,-0.054380576306305044,0.40489418148625056,-0.8743230221043662,-0.582505665853695,0.22524472852968333,0.12092304780221888,-0.29699100184132005,-13.099999999998545,-4750,-301350,-4.849999999999994,-16425,62100,7.500000000000028,-5775,-75,35.046408771058296
01-10-2025 14:50,0.5230613198644978,-0.5049133088756026,-0.18099525798289898,0.5147727775920771,-0.4150924928404108,0.006831480267805757,0.054481531069360274,-0.699635267891862,-0.3173884526397702,6.950000000000728,1400,-4900,1.75,-10500,-30150,-2.9000000000000057,8550,4125,35.74635432249206
01-10-2025 14:55,0.8470960477234021,-0.5078189610904168,-0.7389387726522503,-0.22602330473971532,-0.9183390348364778,0.4021979459750933,0.013039611810805596,-0.6944946090881894,-0.2096891190615076,-17.600000000002183,-7200,4825,-3.4499999999999886,-10275,26475,10.200000000000017,-5400,-28350,50.6404156330873
01-10-2025 15:00,0.2332136214680864,-0.5025703100855997,-0.5688366415099044,0.39041238516712684,-0.8051341937764122,-0.5589861384558864,-0.02918916344701088,0.13311346592960568,-0.020057181958982564,-5.700000000000728,-12225,3650,-3.200000000000003,-45900,40275,-2.1999999999999886,0,7800,36.01681224220684
01-10-2025 15:05,0.42283672072670214,-0.8682215547520177,-0.04585101400062099,-0.08739966195423665,-0.9385724265462315,0.00733145655062591,0.16177244155114628,0.4621364487980388,-0.019355117271875878,30.350000000002183,800,-16275,6.5,12825,-77250,-23.94999999999999,-6075,-11775,33.48307602390551
01-10-2025 15:10,0.7577332217380293,-0.6336775965035605,-0.3644068149540489,0.3080744315163896,-0.2801180889842789,0.06630583421489424,-0.05536713218943038,-0.24710264563537077,0.22456550515728,-9.049999999999272,-4425,10425,-1.1000000000000085,-39225,4350,6.700000000000017,-7200,225,32.6372363432587
01-10-2025 15:15,0.5533779181377837,-0.6961147443873263,-0.30071026490471553,0.3030073391383615,-0.8443952295997613,0.08710294340774864,0.14860202802356076,0.6553692825170884,0.06756659645209455,27.650000000001455,2150,-19125,4.049999999999997,-20775,-136500,-17.44999999999999,1050,-16350,40.62495940631601
01-10-2025 15:20,0.8078741466796537,-0.7722831163891428,-0.8045547865664471,0.8145072265178127,-0.614286416214281,-0.4629434013453514,-0.12973026525316556,-0.8897479870544871,0.21175740710213062,-4.849999999998545,-7700,4300,-2.5999999999999943,-85725,4575,6.800000000000011,525,-25800,61.19649725691636
01-10-2025 15:25,-0.13334304171405328,-0.2538144301621454,0.9738662424329063,0.32243029678830787,0.023054020368785927,0.7062896919750766,0.1300932436707216,0.6109883520957563,0.2494310169602659,-0.9500000000007276,-78650,-88500,-4.049999999999997,-1073775,-159000,-2.5999999999999943,-4650,-29700,37.814559290755774
