last_traded_time,ltp,tot_buy_qty,tot_sell_qty
19-03-2025 09:15,75.55,3772800,266775
19-03-2025 09:15,71.55,3799725,309075
19-03-2025 09:15,69.95,3747675,327600
19-03-2025 09:15,69.95,3783900,340650
19-03-2025 09:16,77.35,3874650,307125
19-03-2025 09:16,78.75,3903600,301725
19-03-2025 09:16,76.15,3903450,375600
19-03-2025 09:16,77.75,3875850,404550
19-03-2025 09:16,80.2,3959250,392850
19-03-2025 09:16,83.7,4048650,351900
19-03-2025 09:17,86.1,4069800,317700
19-03-2025 09:17,87,4095750,345825
19-03-2025 09:17,84.2,4100625,413325
19-03-2025 09:17,86.5,4115925,421575
19-03-2025 09:17,85.45,4137075,451725
19-03-2025 09:17,83.3,4114125,483300
19-03-2025 09:18,86.05,4116225,495975
19-03-2025 09:18,88.4,4173900,453825
19-03-2025 09:18,89.65,4773000,452625
19-03-2025 09:18,92.55,4865625,377250
19-03-2025 09:18,89.75,4887900,433725
19-03-2025 09:18,90.35,4828200,449175
19-03-2025 09:19,91.25,4840500,484425
19-03-2025 09:19,92.15,4835775,524025
19-03-2025 09:19,92.8,4880475,502875
19-03-2025 09:19,91.85,4932450,489300
19-03-2025 09:19,93.75,4923600,536025
19-03-2025 09:19,91.15,4944750,592800
19-03-2025 09:20,91,1444275,631575
19-03-2025 09:20,88.8,1442100,696975
19-03-2025 09:20,85.85,1351050,757800
19-03-2025 09:20,84.9,1266225,772875
19-03-2025 09:20,84.15,1321725,793200
19-03-2025 09:20,78.55,1331250,815550
19-03-2025 09:21,75.4,1129125,849075
19-03-2025 09:21,75.9,1086300,850875
19-03-2025 09:21,77.9,1178925,837825
19-03-2025 09:21,76.05,1198875,859800
19-03-2025 09:21,73.95,1192650,889875
19-03-2025 09:21,73.9,1190475,897900
19-03-2025 09:22,72.6,1237425,912075
19-03-2025 09:22,72,1242525,918000
19-03-2025 09:22,74,1293450,927375
19-03-2025 09:22,71.55,1293825,960450
19-03-2025 09:22,71.65,1337925,939900
19-03-2025 09:22,71.5,1389225,944475
19-03-2025 09:23,70.75,1399950,976650
19-03-2025 09:23,69.3,1245375,984525
19-03-2025 09:23,68.45,1227900,980475
19-03-2025 09:23,69.8,1288350,973800
19-03-2025 09:23,69.65,1312575,995775
19-03-2025 09:23,67.9,1341600,1011900
19-03-2025 09:24,67.9,1298025,1031175
19-03-2025 09:24,65.35,1298400,1055475
19-03-2025 09:24,62.95,1199325,1040100
19-03-2025 09:24,61.95,1152750,1050375
19-03-2025 09:24,62.15,1232250,1043475
19-03-2025 09:24,60.55,1255875,1040925
19-03-2025 09:25,60.65,1206300,1072125
19-03-2025 09:25,61.5,1217100,1024800
19-03-2025 09:25,63.75,1351800,1017375
19-03-2025 09:25,63.25,1350825,1020750
19-03-2025 09:25,64.6,1375425,1090725
19-03-2025 09:25,62.1,1391325,1146525
19-03-2025 09:26,63.1,1355475,1160775
19-03-2025 09:26,61.5,1367550,1181325
19-03-2025 09:26,60.5,1364850,1203450
19-03-2025 09:26,60.75,1339725,1207725
19-03-2025 09:26,61.6,1390800,1218150
19-03-2025 09:26,64.1,1416375,1219725
19-03-2025 09:27,67.4,1444800,1162275
19-03-2025 09:27,67.2,1456950,1039500
19-03-2025 09:27,67.2,1456425,1060050
19-03-2025 09:27,66.8,1446525,1137825
19-03-2025 09:27,67.4,1489050,1132950
19-03-2025 09:27,67.2,1492575,1155450
19-03-2025 09:28,64.45,1408350,1227750
19-03-2025 09:28,64.6,1371375,1255200
19-03-2025 09:28,64.2,1393725,1268700
19-03-2025 09:28,65.15,1446150,1285950
19-03-2025 09:28,65.85,1484400,1269150
19-03-2025 09:28,67.35,1490325,1285500
19-03-2025 09:29,70.2,1519050,1265175
19-03-2025 09:29,71.55,1540500,1142475
19-03-2025 09:29,71.2,1501125,1203525
19-03-2025 09:29,70.7,1530525,1219500
19-03-2025 09:29,71.65,1585350,1245600
19-03-2025 09:29,69.15,1587675,1262325
19-03-2025 09:30,68.55,1504725,1282200
19-03-2025 09:30,66.05,1500525,1296300
19-03-2025 09:30,65.55,1429875,1310550
19-03-2025 09:30,66.05,1446825,1317525
19-03-2025 09:30,65.7,1506900,1321650
19-03-2025 09:30,65.8,1543350,1351500
19-03-2025 09:31,69.75,1588575,1370850
19-03-2025 09:31,71.15,1622850,1294950
19-03-2025 09:31,72,1643400,1303500
19-03-2025 09:31,76.55,1648350,1270425
19-03-2025 09:31,72.35,1662600,1161150
19-03-2025 09:31,72.9,1664325,1188450
19-03-2025 09:32,72.6,1690125,1237650
19-03-2025 09:32,70.3,1715925,1270125
19-03-2025 09:32,70.05,1669800,1304850
19-03-2025 09:32,70.5,1621425,1315650
19-03-2025 09:32,72.45,1676775,1308525
19-03-2025 09:32,73.15,1675875,1317225
19-03-2025 09:33,73.4,1716750,1349550
19-03-2025 09:33,77.7,1754775,1315425
19-03-2025 09:33,74.9,1756500,1245825
19-03-2025 09:33,76.75,1791225,1280625
19-03-2025 09:33,76.1,1824600,1302825
19-03-2025 09:33,73.25,1800075,1370475
19-03-2025 09:34,70.85,1714050,1378425
19-03-2025 09:34,68.95,1688400,1402200
19-03-2025 09:34,67,1613625,1422450
19-03-2025 09:34,66.1,1586250,1454250
19-03-2025 09:34,64.25,1573575,1478475
19-03-2025 09:34,65.3,1546425,1458975
19-03-2025 09:35,65.25,1587375,1430700
19-03-2025 09:35,65.55,1585050,1501125
19-03-2025 09:35,61.75,1589625,1525650
19-03-2025 09:35,58,1455150,1519575
19-03-2025 09:35,57.2,1294275,1461000
19-03-2025 09:35,55.35,1324350,1482900
19-03-2025 09:36,54.6,1241625,1511850
19-03-2025 09:36,53.1,1329075,1486425
19-03-2025 09:36,54.7,1330575,1501350
19-03-2025 09:36,56.15,1379925,1516950
19-03-2025 09:36,56.7,1436625,1503900
19-03-2025 09:36,56.25,1452525,1516725
19-03-2025 09:37,56,1462350,1545525
19-03-2025 09:37,55.8,1484175,1560750
19-03-2025 09:37,56.55,1512825,1558425
19-03-2025 09:37,56,1516200,1580550
19-03-2025 09:37,56.7,1529925,1570125
19-03-2025 09:37,56.2,1549500,1558500
19-03-2025 09:38,56.9,1584225,1559625
19-03-2025 09:38,58.9,1604025,1512825
19-03-2025 09:38,58.55,1614900,1545225
19-03-2025 09:38,61.15,1620975,1540650
19-03-2025 09:38,59.3,1618575,1530900
19-03-2025 09:38,59.3,1583325,1558650
19-03-2025 09:39,59,1573200,1581975
19-03-2025 09:39,59.3,1579425,1599450
19-03-2025 09:39,57.6,1583025,1627875
19-03-2025 09:39,54.9,1579800,1640925
19-03-2025 09:39,55.45,1510350,1635600
19-03-2025 09:39,56.35,1546200,1635300
19-03-2025 09:40,56.05,1568025,1655025
19-03-2025 09:40,55.9,1583850,1672125
19-03-2025 09:40,58.5,1610250,1667700
19-03-2025 09:40,59.45,1618500,1657950
19-03-2025 09:40,59.4,1662750,1637250
19-03-2025 09:40,61.3,1649025,1633800
19-03-2025 09:41,62.05,1658325,1609425
19-03-2025 09:41,61.95,1673925,1607550
19-03-2025 09:41,60.65,1661400,1616775
19-03-2025 09:41,58.35,1652250,1642950
19-03-2025 09:41,57.75,1598025,1689975
19-03-2025 09:41,56.4,1604625,1693725
19-03-2025 09:42,59.1,1650150,1692525
19-03-2025 09:42,60.7,1671225,1698225
19-03-2025 09:42,62.95,1696650,1687050
19-03-2025 09:42,63.5,1702050,1642500
19-03-2025 09:42,63.25,1707825,1629000
19-03-2025 09:42,63.35,1703025,1635000
19-03-2025 09:43,64.5,1688550,1620375
19-03-2025 09:43,66.4,1708875,1586175
19-03-2025 09:43,65.75,1722675,1586175
19-03-2025 09:43,67.6,1747050,1593300
19-03-2025 09:43,71.4,1799775,1534650
19-03-2025 09:43,69.2,1767225,1505400
19-03-2025 09:44,69,1735275,1547100
19-03-2025 09:44,71.1,1694850,1530975
19-03-2025 09:44,70.8,1709400,1546200
19-03-2025 09:44,71.35,1720425,1560450
19-03-2025 09:44,72.05,1719525,1548900
19-03-2025 09:44,74.25,1743750,1558800
19-03-2025 09:45,74.75,1758375,1392000
19-03-2025 09:45,72.65,1757700,1422525
19-03-2025 09:45,71.55,1745700,1434075
19-03-2025 09:45,72.4,1774875,1434225
19-03-2025 09:45,73.7,1809900,1462050
19-03-2025 09:45,70.7,1849275,1498650
19-03-2025 09:46,68.6,1792500,1520100
19-03-2025 09:46,70.1,1726575,1543575
19-03-2025 09:46,70.9,1762050,1533150
19-03-2025 09:46,70,1761750,1560000
19-03-2025 09:46,69.35,1764600,1608675
19-03-2025 09:46,73.8,1820025,1593900
19-03-2025 09:47,80,1860600,1539150
19-03-2025 09:47,79.25,1850400,1268175
19-03-2025 09:47,78.3,1870425,1266975
19-03-2025 09:47,77.05,1869375,1326675
19-03-2025 09:47,78.15,1942275,1337250
19-03-2025 09:47,76.95,1970850,1386075
19-03-2025 09:48,75.4,1885650,1423875
19-03-2025 09:48,74.85,1843875,1433325
19-03-2025 09:48,76.85,1838475,1449525
19-03-2025 09:48,78.15,1863900,1415025
19-03-2025 09:48,79.25,1899375,1366500
19-03-2025 09:48,79.6,1921650,1359450
19-03-2025 09:49,79.65,1943625,1382250
19-03-2025 09:49,78.25,1956375,1460475
19-03-2025 09:49,77.45,1917750,1488750
19-03-2025 09:49,76.65,1923900,1503000
19-03-2025 09:49,78,1955250,1503000
19-03-2025 09:49,76.95,1960200,1559100
19-03-2025 09:50,74.9,1945275,1554975
19-03-2025 09:50,73.6,1840125,1526775
19-03-2025 09:50,71.65,1789950,1542525
19-03-2025 09:50,70,1750950,1537425
19-03-2025 09:50,72.35,1733175,1530975
19-03-2025 09:50,72.25,1784475,1559700
19-03-2025 09:51,73.2,1812675,1550325
19-03-2025 09:51,77.8,1849950,1529325
19-03-2025 09:51,77.4,1853400,1511250
19-03-2025 09:51,76.15,1836150,1566225
19-03-2025 09:51,75.55,1874250,1584075
19-03-2025 09:51,77.9,1894275,1597200
19-03-2025 09:52,79.1,1963500,1590375
19-03-2025 09:52,80.5,1969575,1471875
19-03-2025 09:52,82.45,1999725,1452900
19-03-2025 09:52,80.35,2025300,1509000
19-03-2025 09:52,78.4,2004600,1544850
19-03-2025 09:52,78.3,1943325,1530075
19-03-2025 09:53,78.45,1955700,1525575
19-03-2025 09:53,80.4,1999575,1527075
19-03-2025 09:53,80.45,2015325,1504125
19-03-2025 09:53,79.65,2033550,1546050
19-03-2025 09:53,78.5,2049225,1582725
19-03-2025 09:53,77.9,2053425,1594425
19-03-2025 09:54,78.75,2061450,1593375
19-03-2025 09:54,76.15,2079075,1613550
19-03-2025 09:54,77.4,2033400,1629825
19-03-2025 09:54,78.15,2074200,1628025
19-03-2025 09:54,76.15,2082225,1660050
19-03-2025 09:54,73.45,2030550,1685400
19-03-2025 09:55,71.9,1911075,1697850
19-03-2025 09:55,72.45,1902225,1726425
19-03-2025 09:55,72.9,1936200,1723575
19-03-2025 09:55,74.45,2014350,1720725
19-03-2025 09:55,74.75,2049375,1736250
19-03-2025 09:55,70.3,2005050,1830300
19-03-2025 09:56,72.1,1853700,1754250
19-03-2025 09:56,70.6,1882275,1806150
19-03-2025 09:56,73.15,1959225,1820175
19-03-2025 09:56,72,2004825,1832850
19-03-2025 09:56,71,2037525,1862325
19-03-2025 09:56,72.75,2070225,1879050
19-03-2025 09:57,73.1,2091225,1877400
19-03-2025 09:57,75.35,2087850,1884225
19-03-2025 09:57,77.55,2078025,1793325
19-03-2025 09:57,77.7,2096025,1799925
19-03-2025 09:57,78.85,2115525,1805775
19-03-2025 09:57,77.6,2136075,1790175
19-03-2025 09:58,75,2089950,1822350
19-03-2025 09:58,75.1,2014200,1862325
19-03-2025 09:58,72.45,2016600,1892850
19-03-2025 09:58,72.5,2020950,1908750
19-03-2025 09:58,70.85,2020950,1919400
19-03-2025 09:58,70.25,1923825,1930350
19-03-2025 09:59,67.9,1897875,1973475
19-03-2025 09:59,70,1843575,1965225
19-03-2025 09:59,71.95,1916550,1956300
19-03-2025 09:59,72.35,1961175,1958400
19-03-2025 09:59,71.6,2000400,1961175
19-03-2025 09:59,73.95,2027400,1984500
19-03-2025 10:00,74.15,2056200,1995975
19-03-2025 10:00,75.75,2074950,2005575
19-03-2025 10:00,74.95,2062350,1963875
19-03-2025 10:00,76.3,2089425,2021850
19-03-2025 10:00,75.55,2101500,2043900
19-03-2025 10:00,78.05,2059950,2044350
19-03-2025 10:01,78.15,2092950,1975050
19-03-2025 10:01,77,2084850,1969200
19-03-2025 10:01,75.1,2078625,2002875
19-03-2025 10:01,74.8,2071575,2025975
19-03-2025 10:01,74.55,2054850,2032050
19-03-2025 10:01,77.6,2096325,2023650
19-03-2025 10:02,77.9,2109525,1960800
19-03-2025 10:02,77.3,2110350,2012250
19-03-2025 10:02,79.3,2131275,2017800
19-03-2025 10:02,79.8,2132925,1845675
19-03-2025 10:02,80.9,2159775,1843275
19-03-2025 10:02,77.7,2121150,1812000
19-03-2025 10:03,78.5,2093775,1841850
19-03-2025 10:03,78.55,2136750,1872825
19-03-2025 10:03,77.7,2151675,1883550
19-03-2025 10:03,75.2,2110275,1903200
19-03-2025 10:03,75,2069700,1904325
19-03-2025 10:03,74.25,2081550,1908375
19-03-2025 10:04,76.7,2098050,1902750
19-03-2025 10:04,77.5,2132025,1883700
19-03-2025 10:04,76.9,2147475,1918575
19-03-2025 10:04,76.4,2150850,1942125
19-03-2025 10:04,75.3,2158725,1953450
19-03-2025 10:04,74.3,2157075,1984800
19-03-2025 10:05,74.65,2145150,1982325
19-03-2025 10:05,72,2165025,1989450
19-03-2025 10:05,73.2,2075025,1988550
19-03-2025 10:05,75.05,2126625,1996650
19-03-2025 10:05,76.7,2151375,1978650
19-03-2025 10:05,77.1,2161500,1968000
19-03-2025 10:06,74,2169750,1987350
19-03-2025 10:06,73.35,2127375,1997250
19-03-2025 10:06,74.25,2154000,2012550
19-03-2025 10:06,74.45,2190675,2015250
19-03-2025 10:06,75.9,2210925,2009100
19-03-2025 10:06,76.2,2216400,2005575
19-03-2025 10:07,74.5,2220525,2006775
19-03-2025 10:07,75.75,2215275,2039325
19-03-2025 10:07,74.9,2222250,2055750
19-03-2025 10:07,75.25,2226075,2071275
19-03-2025 10:07,75.2,2229450,2083875
19-03-2025 10:07,76.7,2246100,2076600
19-03-2025 10:08,77.2,2251200,2072700
19-03-2025 10:08,76.1,2268300,2074575
19-03-2025 10:08,75.65,2293350,2095725
19-03-2025 10:08,75,2270325,2087850
19-03-2025 10:08,75.15,2273100,2097975
19-03-2025 10:08,73.9,2265450,2116200
19-03-2025 10:09,70.95,2226075,2111925
19-03-2025 10:09,68.95,2080875,2106825
19-03-2025 10:09,68.85,1913100,2112825
19-03-2025 10:09,69.35,1935600,2066850
19-03-2025 10:09,68.9,1984725,2088525
19-03-2025 10:09,64,1971975,2107350
19-03-2025 10:10,65,1699500,2113350
19-03-2025 10:10,65.55,1745550,2092725
19-03-2025 10:10,66.2,1790100,2119425
19-03-2025 10:10,66.3,1838250,2130300
19-03-2025 10:10,68.7,1892775,2126700
19-03-2025 10:10,68.9,1893600,2109450
19-03-2025 10:11,68.3,1900275,2142450
19-03-2025 10:11,67,1879725,2170200
19-03-2025 10:11,64.95,1874700,2175900
19-03-2025 10:11,64.75,1841850,2175000
19-03-2025 10:11,65.2,1885125,2181000
19-03-2025 10:11,66.85,1934475,2173125
19-03-2025 10:12,67.5,1956150,2164050
19-03-2025 10:12,67.1,1955250,2188050
19-03-2025 10:12,66.8,1965225,2219625
19-03-2025 10:12,66.85,1980225,2212875
19-03-2025 10:12,69.3,1998900,2201400
19-03-2025 10:12,70.3,2012625,2155500
19-03-2025 10:13,72.3,2017425,2113650
19-03-2025 10:13,72.7,2032575,2069925
19-03-2025 10:13,75.5,2093850,2102325
19-03-2025 10:13,77.2,2100675,1950375
19-03-2025 10:13,77.1,2125875,1914000
19-03-2025 10:13,77.45,2077425,1958700
19-03-2025 10:14,75.15,2078925,1977375
19-03-2025 10:14,76,2051550,2009700
19-03-2025 10:14,77.75,2079075,2007750
19-03-2025 10:14,76.1,2082750,2019675
19-03-2025 10:14,75.5,2095800,2035050
19-03-2025 10:14,77.9,2083200,2051625
19-03-2025 10:15,78.55,2119725,2016375
19-03-2025 10:15,80.35,2147400,1986825
19-03-2025 10:15,81.65,2174400,1865850
19-03-2025 10:15,82.5,2195850,1765500
19-03-2025 10:15,82.65,2182050,1705575
19-03-2025 10:15,83.45,2227650,1727475
19-03-2025 10:16,83.05,2228250,1761600
19-03-2025 10:16,82.45,2209725,1766400
19-03-2025 10:16,86.6,2270025,1779525
19-03-2025 10:16,86.4,2273100,1498950
19-03-2025 10:16,84.05,2241750,1538475
19-03-2025 10:16,86,2245125,1545150
19-03-2025 10:17,85,2273850,1514400
19-03-2025 10:17,84.2,2269575,1567950
19-03-2025 10:17,87.25,2310675,1561950
19-03-2025 10:17,87.95,2362800,1566375
19-03-2025 10:17,87.6,2396625,1514700
19-03-2025 10:17,89.85,2366550,1384950
19-03-2025 10:18,87.7,2306400,1424250
19-03-2025 10:18,88,2282250,1438800
19-03-2025 10:18,88.25,2302050,1457325
19-03-2025 10:18,87.65,2292975,1498650
19-03-2025 10:18,88.75,2265075,1505175
19-03-2025 10:18,92.2,2336550,1501125
19-03-2025 10:19,93.2,2338500,1320750
19-03-2025 10:19,94.3,2341575,1322850
19-03-2025 10:19,93.05,2283375,1200150
19-03-2025 10:19,90.65,2277600,1213875
19-03-2025 10:19,92.5,2268750,1239375
19-03-2025 10:19,94,2308800,1247850
19-03-2025 10:20,90.95,2290050,1239600
19-03-2025 10:20,89.5,2244675,1300050
19-03-2025 10:20,89.95,2189775,1294950
19-03-2025 10:20,89.8,2222025,1364250
19-03-2025 10:20,88.4,2245500,1333125
19-03-2025 10:20,86.85,2214675,1344825
19-03-2025 10:21,90.8,2155950,1334850
19-03-2025 10:21,90.55,2187000,1335225
19-03-2025 10:21,90.4,2238300,1356825
19-03-2025 10:21,89.6,2298225,1401600
19-03-2025 10:21,90.2,2358975,1422525
19-03-2025 10:21,93.6,2436225,1413525
19-03-2025 10:22,91.7,2456400,1340775
19-03-2025 10:22,92,2423475,1382550
19-03-2025 10:22,92.1,2426550,1394550
19-03-2025 10:22,93.05,2460600,1392300
19-03-2025 10:22,91.45,2489025,1415100
19-03-2025 10:22,89.4,2424300,1448850
19-03-2025 10:23,91.15,2408025,1445325
19-03-2025 10:23,93.15,2472075,1458900
19-03-2025 10:23,92.55,2484300,1463100
19-03-2025 10:23,92.4,2510325,1485975
19-03-2025 10:23,93,2504850,1488900
19-03-2025 10:23,93.55,2507925,1480500
19-03-2025 10:24,93.3,2520750,1448175
19-03-2025 10:24,92.3,2497800,1492350
19-03-2025 10:24,94,2517300,1518300
19-03-2025 10:24,96.6,2538675,1466400
19-03-2025 10:24,100.8,2565675,1151250
19-03-2025 10:24,101.25,2584500,873750
19-03-2025 10:25,100.4,2546850,930300
19-03-2025 10:25,101.1,2486325,938475
19-03-2025 10:25,97.85,2477700,1049250
19-03-2025 10:25,97.65,2395350,1068675
19-03-2025 10:25,95.85,2408175,1112400
19-03-2025 10:25,94.05,2276175,1146525
19-03-2025 10:26,94.45,2056950,1137975
19-03-2025 10:26,96,2088975,1128675
19-03-2025 10:26,96,2125725,1159275
19-03-2025 10:26,94.05,2128125,1204050
19-03-2025 10:26,94.65,2085075,1225950
19-03-2025 10:26,95.1,2168550,1235250
19-03-2025 10:27,91.9,2192850,1261350
19-03-2025 10:27,90.2,2080500,1255425
19-03-2025 10:27,90.15,1936725,1254900
19-03-2025 10:27,91.6,2001075,1240050
19-03-2025 10:27,92.2,2052000,1271700
19-03-2025 10:27,91.25,2060025,1349475
19-03-2025 10:28,93.65,2061000,1358100
19-03-2025 10:28,92.5,2092275,1358400
19-03-2025 10:28,92.45,2089875,1379625
19-03-2025 10:28,92.65,2112075,1387875
19-03-2025 10:28,93.3,2139000,1371225
19-03-2025 10:28,94.2,2167800,1325550
19-03-2025 10:29,92.8,2169075,1365375
19-03-2025 10:29,92.6,2140725,1378350
19-03-2025 10:29,92.35,2116800,1399800
19-03-2025 10:29,94.35,2144475,1392750
19-03-2025 10:29,94.85,2152650,1334250
19-03-2025 10:29,94.9,2143425,1312800
19-03-2025 10:30,94.45,2133450,1366125
19-03-2025 10:30,94.95,2169675,1364775
19-03-2025 10:30,95.25,2184450,1338000
19-03-2025 10:30,92.65,2151075,1432350
19-03-2025 10:30,92.05,2067975,1440075
19-03-2025 10:30,91.5,2068725,1431300
19-03-2025 10:31,92.3,2062350,1430700
19-03-2025 10:31,93.45,2083875,1420950
19-03-2025 10:31,94.55,2120325,1434000
19-03-2025 10:31,93.8,2137200,1447725
19-03-2025 10:31,93.8,2156175,1479000
19-03-2025 10:31,90.95,2155125,1496100
19-03-2025 10:32,89.4,2087325,1520850
19-03-2025 10:32,87.8,1947900,1514700
19-03-2025 10:32,89.05,1956525,1505700
19-03-2025 10:32,91.65,2007000,1486125
19-03-2025 10:32,92.45,2035875,1511775
19-03-2025 10:32,92.5,2038725,1525500
19-03-2025 10:33,92.8,2056575,1574475
19-03-2025 10:33,91.9,2081625,1562775
19-03-2025 10:33,89,2068275,1598400
19-03-2025 10:33,88.1,1990575,1602825
19-03-2025 10:33,88,2017950,1595625
19-03-2025 10:33,89.2,1983000,1608375
19-03-2025 10:34,88.1,2019525,1606125
19-03-2025 10:34,88.6,2038425,1629600
19-03-2025 10:34,88.9,2052000,1620375
19-03-2025 10:34,89.7,2058825,1597800
19-03-2025 10:34,90.3,2088600,1586250
19-03-2025 10:34,89.55,2084400,1620975
19-03-2025 10:35,90,2053800,1626000
19-03-2025 10:35,91.4,2056425,1617525
19-03-2025 10:35,93.7,2055750,1565850
19-03-2025 10:35,93.25,2050125,1566000
19-03-2025 10:35,94.1,2050425,1528050
19-03-2025 10:35,94.9,2070000,1494300
19-03-2025 10:36,94,2072250,1414575
19-03-2025 10:36,91.05,2048925,1475175
19-03-2025 10:36,90.2,1959300,1491750
19-03-2025 10:36,90.1,1974825,1508775
19-03-2025 10:36,89.2,1970775,1537950
19-03-2025 10:36,88.25,1968225,1537950
19-03-2025 10:37,90.3,2018400,1530825
19-03-2025 10:37,89.65,2032275,1537800
19-03-2025 10:37,89.45,2023200,1557525
19-03-2025 10:37,91.15,2024700,1563825
19-03-2025 10:37,91.65,2031150,1554000
19-03-2025 10:37,92.25,2046900,1551675
19-03-2025 10:38,93.15,2055825,1570575
19-03-2025 10:38,91.65,2068875,1565025
19-03-2025 10:38,90.4,2036025,1602825
19-03-2025 10:38,90.15,2064600,1605375
19-03-2025 10:38,91.1,2107200,1613700
19-03-2025 10:38,91.6,2111025,1645875
19-03-2025 10:39,93.2,2133600,1648875
19-03-2025 10:39,91.9,2140425,1588050
19-03-2025 10:39,91.8,2130975,1608825
19-03-2025 10:39,93.1,2180175,1624950
19-03-2025 10:39,93.65,2177250,1609050
19-03-2025 10:39,94.25,2176275,1589175
19-03-2025 10:40,92.7,2174400,1613100
19-03-2025 10:40,92.15,2158200,1621950
19-03-2025 10:40,91.05,2149950,1637925
19-03-2025 10:40,91,2137875,1654575
19-03-2025 10:40,90.15,2139225,1677075
19-03-2025 10:40,89.85,2139375,1684275
19-03-2025 10:41,89.25,2108925,1687950
19-03-2025 10:41,89.5,2104125,1690275
19-03-2025 10:41,92.6,2138400,1672650
19-03-2025 10:41,91.3,2145600,1635225
19-03-2025 10:41,92.1,2150025,1620150
19-03-2025 10:41,94.15,2165400,1618800
19-03-2025 10:42,95.8,2184675,1518825
19-03-2025 10:42,97,2205225,1358775
19-03-2025 10:42,98.75,2224725,1340850
19-03-2025 10:42,98.15,2221875,1292625
19-03-2025 10:42,98.1,2185275,1307775
19-03-2025 10:42,94.6,2108775,1353225
19-03-2025 10:43,97.65,2138775,1368750
19-03-2025 10:43,98.4,2187975,1381950
19-03-2025 10:43,98.8,2208375,1384125
19-03-2025 10:43,98.3,2206875,1386075
19-03-2025 10:43,97.9,2186025,1432800
19-03-2025 10:43,96.05,2179725,1450350
19-03-2025 10:44,95.1,2123100,1469325
19-03-2025 10:44,96,2113575,1472850
19-03-2025 10:44,97.3,2144175,1478250
19-03-2025 10:44,97.3,2148600,1483275
19-03-2025 10:44,98.15,2166450,1453725
19-03-2025 10:44,98.5,2168025,1467900
19-03-2025 10:45,97.5,2181300,1487400
19-03-2025 10:45,97.25,2175075,1510425
19-03-2025 10:45,97.15,2140350,1526625
19-03-2025 10:45,98.9,2168925,1517475
19-03-2025 10:45,98.55,2197800,1487400
19-03-2025 10:45,95.2,2176350,1568175
19-03-2025 10:46,93,2087625,1574850
19-03-2025 10:46,94.75,2026425,1518225
19-03-2025 10:46,95.4,2065200,1518000
19-03-2025 10:46,97.5,2096700,1516800
19-03-2025 10:46,96.05,2118375,1517625
19-03-2025 10:46,93.65,2077950,1554900
19-03-2025 10:47,91.4,2031825,1575525
19-03-2025 10:47,90.3,1993950,1598775
19-03-2025 10:47,89.5,1893000,1582275
19-03-2025 10:47,90.45,1926450,1588500
19-03-2025 10:47,90.8,1969350,1597875
19-03-2025 10:47,87.7,1959150,1624650
19-03-2025 10:48,84.75,1797750,1622550
19-03-2025 10:48,82.55,1698450,1635375
19-03-2025 10:48,82.6,1702350,1625325
19-03-2025 10:48,82.05,1683150,1647525
19-03-2025 10:48,84,1735200,1623825
19-03-2025 10:48,83.7,1773675,1566150
19-03-2025 10:49,83.7,1829700,1596975
19-03-2025 10:49,84.95,1872675,1610100
19-03-2025 10:49,81.75,1896300,1619775
19-03-2025 10:49,79,1834800,1627725
19-03-2025 10:49,80,1727025,1633275
19-03-2025 10:49,79.8,1742175,1605750
19-03-2025 10:50,81.15,1787475,1610400
19-03-2025 10:50,78.9,1820550,1644525
19-03-2025 10:50,77.35,1821525,1682625
19-03-2025 10:50,76.8,1670025,1704450
19-03-2025 10:50,79.85,1728375,1676775
19-03-2025 10:50,82.1,1775700,1654875
19-03-2025 10:51,83.25,1844250,1620675
19-03-2025 10:51,82.5,1845000,1688775
19-03-2025 10:51,83.5,1860825,1701150
19-03-2025 10:51,82.75,1909425,1669425
19-03-2025 10:51,80,1891275,1716975
19-03-2025 10:51,77.05,1748100,1745625
19-03-2025 10:52,75.65,1808400,1752750
19-03-2025 10:52,72.35,1606800,1760475
19-03-2025 10:52,74.15,1596975,1754700
19-03-2025 10:52,74.5,1657050,1736850
19-03-2025 10:52,74.15,1685025,1748550
19-03-2025 10:52,75.45,1768575,1744350
19-03-2025 10:53,76.15,1790175,1735575
19-03-2025 10:53,76.15,1835325,1751475
19-03-2025 10:53,77.45,1899600,1766625
19-03-2025 10:53,79.5,1924575,1721400
19-03-2025 10:53,79.35,1915800,1717575
19-03-2025 10:53,80.55,1935900,1741800
19-03-2025 10:54,81.7,1945350,1715775
19-03-2025 10:54,81.3,1954800,1717050
19-03-2025 10:54,81.8,1942650,1736400
19-03-2025 10:54,82.05,1991625,1764675
19-03-2025 10:54,81.35,1987950,1756575
19-03-2025 10:54,80.65,1974300,1792950
19-03-2025 10:55,81.5,1884600,1806000
19-03-2025 10:55,81.5,1923225,1826700
19-03-2025 10:55,79.2,1921950,1862025
19-03-2025 10:55,80.45,1920525,1874925
19-03-2025 10:55,81.7,1990125,1861575
19-03-2025 10:55,83.2,2042250,1854450
19-03-2025 10:56,83.5,2065050,1821000
19-03-2025 10:56,84.65,2088975,1796925
19-03-2025 10:56,85.3,2098800,1711950
19-03-2025 10:56,86.15,2090700,1655850
19-03-2025 10:56,84.85,2049675,1700625
19-03-2025 10:56,84.6,2051475,1747275
19-03-2025 10:57,85.85,2060325,1747275
19-03-2025 10:57,88,2100900,1749750
19-03-2025 10:57,88.1,2114325,1676625
19-03-2025 10:57,88.3,2157075,1634625
19-03-2025 10:57,88.7,2172375,1660650
19-03-2025 10:57,89.8,2228475,1661475
19-03-2025 10:58,91.95,2250450,1605825
19-03-2025 10:58,92,2254950,1540875
19-03-2025 10:58,91.05,2233650,1595550
19-03-2025 10:58,92.25,2186850,1592475
19-03-2025 10:58,92.7,2211300,1611900
19-03-2025 10:58,92.05,2213400,1630725
19-03-2025 10:59,92.85,2199825,1685775
19-03-2025 10:59,90.3,2208375,1698675
19-03-2025 10:59,89.55,2149350,1715925
19-03-2025 10:59,90.85,2111475,1720800
19-03-2025 10:59,91.7,2136300,1725675
19-03-2025 10:59,91.6,2142150,1714425
19-03-2025 11:00,92,2112600,1678725
19-03-2025 11:00,92.7,2137575,1678875
19-03-2025 11:00,92.9,2184150,1680900
19-03-2025 11:00,91.55,2190600,1719900
19-03-2025 11:00,92.1,2113800,1758975
19-03-2025 11:00,94.4,2178150,1737975
19-03-2025 11:01,96.7,2175900,1486800
19-03-2025 11:01,96.05,2169975,1413900
19-03-2025 11:01,95.85,2132625,1455525
19-03-2025 11:01,97.15,2136750,1460025
19-03-2025 11:01,96.65,2154375,1416825
19-03-2025 11:01,94.45,2159025,1459575
19-03-2025 11:02,95.45,2091525,1459500
19-03-2025 11:02,95.9,2115000,1472700
19-03-2025 11:02,96.8,2142975,1462200
19-03-2025 11:02,97.8,2160675,1451850
19-03-2025 11:02,96.85,2155350,1398750
19-03-2025 11:02,96.35,2156700,1434675
19-03-2025 11:03,95.6,2137200,1467000
19-03-2025 11:03,95.2,2106075,1486350
19-03-2025 11:03,92.8,2097975,1510125
19-03-2025 11:03,92.6,2050275,1513800
19-03-2025 11:03,91.7,2045925,1523025
19-03-2025 11:03,93.35,2008800,1527300
19-03-2025 11:04,94.3,2036550,1514175
19-03-2025 11:04,93.95,2045400,1528800
19-03-2025 11:04,93.9,2036700,1542900
19-03-2025 11:04,93.75,2031450,1542600
19-03-2025 11:04,94.65,2045775,1529925
19-03-2025 11:04,94.35,2044275,1546200
19-03-2025 11:05,94.9,2073525,1552650
19-03-2025 11:05,92.7,2073900,1525500
19-03-2025 11:05,93,2056500,1548000
19-03-2025 11:05,93.15,2084550,1554600
19-03-2025 11:05,91.75,2068275,1567125
19-03-2025 11:05,90.9,2094000,1572600
19-03-2025 11:06,92,2043450,1569750
19-03-2025 11:06,92.55,2049150,1574475
19-03-2025 11:06,93.55,2069175,1566525
19-03-2025 11:06,93.25,2066100,1582200
19-03-2025 11:06,91,2032650,1591350
19-03-2025 11:06,90,1984950,1631550
19-03-2025 11:07,89.6,1920225,1649400
19-03-2025 11:07,91.4,1919850,1649775
19-03-2025 11:07,91.5,1947750,1651650
19-03-2025 11:07,90.9,1917075,1668600
19-03-2025 11:07,91.35,1942350,1668075
19-03-2025 11:07,92.3,1964025,1662750
19-03-2025 11:08,92.05,1970625,1677150
19-03-2025 11:08,92.05,1968150,1683600
19-03-2025 11:08,91.4,1977600,1689600
19-03-2025 11:08,91,1976025,1692300
19-03-2025 11:08,91.55,1979025,1698150
19-03-2025 11:08,91.5,1996425,1703400
19-03-2025 11:09,92.2,2004675,1692825
19-03-2025 11:09,91,2006100,1695225
19-03-2025 11:09,90.9,1998075,1701975
19-03-2025 11:09,92.2,2003475,1703925
19-03-2025 11:09,91.85,2014350,1683075
19-03-2025 11:09,90.9,2011275,1695450
19-03-2025 11:10,91.7,2000700,1714350
19-03-2025 11:10,92.2,2020275,1702425
19-03-2025 11:10,91.9,2024700,1677675
19-03-2025 11:10,93.6,2039700,1677825
19-03-2025 11:10,93.55,2037075,1610850
19-03-2025 11:10,94.65,2042250,1606800
19-03-2025 11:11,94.4,2060700,1603725
19-03-2025 11:11,91.25,2050050,1626750
19-03-2025 11:11,88.35,1960575,1646700
19-03-2025 11:11,87.4,1800825,1643100
19-03-2025 11:11,83.3,1776900,1648875
19-03-2025 11:11,85.85,1772550,1636275
19-03-2025 11:12,87.05,1824225,1633725
19-03-2025 11:12,88.3,1825575,1620375
19-03-2025 11:12,89.1,1848900,1637100
19-03-2025 11:12,87.25,1874400,1703925
19-03-2025 11:12,87.75,1851375,1735575
19-03-2025 11:12,88,1908075,1766100
19-03-2025 11:13,89.6,1947300,1761975
19-03-2025 11:13,89.5,1968000,1742550
19-03-2025 11:13,89.7,1980075,1760550
19-03-2025 11:13,88.1,1978350,1803000
19-03-2025 11:13,89.75,1979700,1799775
19-03-2025 11:13,89.9,2001900,1733850
19-03-2025 11:14,90.7,2008875,1715775
19-03-2025 11:14,89.45,2029875,1730775
19-03-2025 11:14,90.6,2036475,1742325
19-03-2025 11:14,92.75,2080425,1697475
19-03-2025 11:14,93.45,2075400,1692975
19-03-2025 11:14,94.55,2090475,1684200
19-03-2025 11:15,94.25,2082525,1675200
19-03-2025 11:15,93.75,2086200,1639725
19-03-2025 11:15,93.75,2066550,1659075
19-03-2025 11:15,91.1,2058375,1695225
19-03-2025 11:15,91.5,1981575,1702050
19-03-2025 11:15,91,1979400,1685550
19-03-2025 11:16,92.45,1985175,1682550
19-03-2025 11:16,94,1998300,1690950
19-03-2025 11:16,94.25,1998750,1640025
19-03-2025 11:16,96,2031000,1538325
19-03-2025 11:16,95.15,2043525,1494975
19-03-2025 11:16,92.65,2027025,1527675
19-03-2025 11:17,91,1986675,1559850
19-03-2025 11:17,90.4,1991250,1548675
19-03-2025 11:17,88.2,1919775,1570725
19-03-2025 11:17,86.6,1907175,1580400
19-03-2025 11:17,85.9,1847925,1590450
19-03-2025 11:17,87.5,1870050,1588125
19-03-2025 11:18,88.6,1941000,1599975
19-03-2025 11:18,90,1965600,1606800
19-03-2025 11:18,88.25,1992075,1617900
19-03-2025 11:18,90,2004825,1633800
19-03-2025 11:18,90.45,2026650,1644675
19-03-2025 11:18,90.6,2030175,1655175
19-03-2025 11:19,90.7,2019225,1676325
19-03-2025 11:19,89.5,2019375,1706850
19-03-2025 11:19,90.6,1982175,1709175
19-03-2025 11:19,91,2003325,1713900
19-03-2025 11:19,90.7,2034075,1720425
19-03-2025 11:19,90.7,2020050,1726875
19-03-2025 11:20,92.3,2026350,1719300
19-03-2025 11:20,92.7,2034975,1675950
19-03-2025 11:20,91.2,2043075,1682850
19-03-2025 11:20,90,1998450,1711725
19-03-2025 11:20,90.2,1973100,1719525
19-03-2025 11:20,90.85,1990725,1731075
19-03-2025 11:21,91.25,2013150,1736400
19-03-2025 11:21,90.85,2028300,1737825
19-03-2025 11:21,92.95,2039925,1723125
19-03-2025 11:21,92.2,2066475,1710525
19-03-2025 11:21,91.8,2030475,1712925
19-03-2025 11:21,93.2,2026950,1706175
19-03-2025 11:22,91.2,2033175,1746300
19-03-2025 11:22,90,2019825,1792275
19-03-2025 11:22,89.4,1967250,1802775
19-03-2025 11:22,89.25,1984875,1810575
19-03-2025 11:22,89.75,2008575,1728075
19-03-2025 11:22,86.85,2007150,1748550
19-03-2025 11:23,87.5,1935000,1790100
19-03-2025 11:23,85.5,1934625,1802400
19-03-2025 11:23,85.65,1934025,1805625
19-03-2025 11:23,86.9,1927500,1802625
19-03-2025 11:23,88.3,1965750,1789275
19-03-2025 11:23,87.4,1976775,1777800
19-03-2025 11:24,88.3,2012100,1793325
19-03-2025 11:24,87.95,2009700,1800450
19-03-2025 11:24,87,1997100,1808925
19-03-2025 11:24,88,2011500,1811700
19-03-2025 11:24,85.05,2024100,1829325
19-03-2025 11:24,84.65,1971450,1845150
19-03-2025 11:25,86,1978725,1839750
19-03-2025 11:25,86.45,2012175,1804500
19-03-2025 11:25,85.9,2018025,1812225
19-03-2025 11:25,83.7,1987275,1822125
19-03-2025 11:25,83.55,1979475,1828350
19-03-2025 11:25,83.25,1936275,1821075
19-03-2025 11:26,82.35,1960725,1813350
19-03-2025 11:26,83.5,1989000,1816725
19-03-2025 11:26,85.05,2029200,1815225
19-03-2025 11:26,86.2,2047425,1791150
19-03-2025 11:26,86.7,2049075,1791150
19-03-2025 11:26,85.2,2047650,1802925
19-03-2025 11:27,85.35,2018700,1844100
19-03-2025 11:27,85.7,2050425,1850175
19-03-2025 11:27,86.35,2059050,1823175
19-03-2025 11:27,88,2082075,1789200
19-03-2025 11:27,88.15,2086350,1775775
19-03-2025 11:27,86.8,2093925,1807350
19-03-2025 11:28,86,2062950,1832775
19-03-2025 11:28,86.4,2029875,1848075
19-03-2025 11:28,87.75,2066775,1852425
19-03-2025 11:28,86.25,2067900,1850550
19-03-2025 11:28,87,2058600,1856100
19-03-2025 11:28,85.3,2056050,1869525
19-03-2025 11:29,84.15,2026950,1869600
19-03-2025 11:29,84.45,1975575,1886475
19-03-2025 11:29,85.8,1975575,1926600
19-03-2025 11:29,86.5,2003400,1860000
19-03-2025 11:29,87.2,2011275,1861875
19-03-2025 11:29,88.65,2042025,1865250
19-03-2025 11:30,89.95,2044500,1797000
19-03-2025 11:30,89.35,2049675,1759950
19-03-2025 11:30,89.2,2030775,1768800
19-03-2025 11:30,89.4,2055825,1738050
19-03-2025 11:30,88,2053425,1766175
19-03-2025 11:30,87.15,2004975,1792875
19-03-2025 11:31,86.9,2007825,1806750
19-03-2025 11:31,87.4,2048925,1810425
19-03-2025 11:31,85.65,2049450,1832550
19-03-2025 11:31,85,2007300,1829250
19-03-2025 11:31,84.7,1970925,1846125
19-03-2025 11:31,83.3,1964775,1900725
19-03-2025 11:32,83.9,2007675,1910775
19-03-2025 11:32,84.8,2009400,1951875
19-03-2025 11:32,84.7,2049675,1898400
19-03-2025 11:32,85.05,2058525,1877775
19-03-2025 11:32,84.3,2057850,1890825
19-03-2025 11:32,85.05,2077950,1902600
19-03-2025 11:33,84.4,2086200,1906050
19-03-2025 11:33,85.05,2084025,1913550
19-03-2025 11:33,86.3,2110125,1897425
19-03-2025 11:33,86.35,2118225,1883850
19-03-2025 11:33,87.2,2112150,1887450
19-03-2025 11:33,90.65,2134425,1855200
19-03-2025 11:34,91.15,2132325,1700250
19-03-2025 11:34,91.65,2120700,1679250
19-03-2025 11:34,91.3,2087175,1675350
19-03-2025 11:34,92.15,2077500,1686900
19-03-2025 11:34,93.3,2101275,1682475
19-03-2025 11:34,95.05,2117100,1594050
19-03-2025 11:35,93.5,2109525,1499550
19-03-2025 11:35,95.05,2096175,1499325
19-03-2025 11:35,94,2097675,1478550
19-03-2025 11:35,93.7,2065800,1461975
19-03-2025 11:35,93,2057175,1486575
19-03-2025 11:35,92.65,2061675,1497150
19-03-2025 11:36,92.65,2074200,1498200
19-03-2025 11:36,92.95,2093400,1499025
19-03-2025 11:36,93.85,2094825,1495800
19-03-2025 11:36,94.65,2072175,1494000
19-03-2025 11:36,94.45,2108700,1470600
19-03-2025 11:36,94,2111700,1486125
19-03-2025 11:37,94.2,2106075,1485450
19-03-2025 11:37,95.3,2122275,1505850
19-03-2025 11:37,93.75,2107950,1581000
19-03-2025 11:37,92.85,2118825,1613175
19-03-2025 11:37,93.15,2087925,1595925
19-03-2025 11:37,93.05,2073150,1602750
19-03-2025 11:38,92.75,2096250,1617675
19-03-2025 11:38,92.3,2063850,1616625
19-03-2025 11:38,91.95,2081175,1623450
19-03-2025 11:38,89.6,2064825,1587600
19-03-2025 11:38,88.2,1973250,1584300
19-03-2025 11:38,86.95,1926675,1609650
19-03-2025 11:39,90.1,2005200,1601475
19-03-2025 11:39,90.35,2028075,1592700
19-03-2025 11:39,91.1,2008800,1604850
19-03-2025 11:39,90.3,2083275,1602225
19-03-2025 11:39,90.2,2019075,1623300
19-03-2025 11:39,91.85,2031075,1644600
19-03-2025 11:40,92,2042400,1606800
19-03-2025 11:40,90.3,2044050,1630200
19-03-2025 11:40,90.3,2032500,1635300
19-03-2025 11:40,90.6,2069700,1639725
19-03-2025 11:40,91,2090775,1646400
19-03-2025 11:40,90.8,2094675,1651125
19-03-2025 11:41,91.65,2111850,1652850
19-03-2025 11:41,92.4,2123775,1649550
19-03-2025 11:41,93.5,2131425,1622325
19-03-2025 11:41,94.95,2122275,1567500
19-03-2025 11:41,93.8,2138775,1564275
19-03-2025 11:41,92.75,2115000,1592400
19-03-2025 11:42,94.05,2109975,1612875
19-03-2025 11:42,95.15,2132025,1626150
19-03-2025 11:42,94.6,2143125,1520700
19-03-2025 11:42,95.65,2146725,1524450
19-03-2025 11:42,91,2141850,1567200
19-03-2025 11:42,88.95,2054925,1585425
19-03-2025 11:43,89,1980225,1594500
19-03-2025 11:43,88.1,1973250,1597500
19-03-2025 11:43,87.3,2004675,1606350
19-03-2025 11:43,85.65,2001900,1679325
19-03-2025 11:43,86.7,1974750,1678050
19-03-2025 11:43,84,1978425,1687350
19-03-2025 11:44,83.9,1996350,1700025
19-03-2025 11:44,0,0,0
19-03-2025 11:44,0,0,0
19-03-2025 11:44,0,0,0
19-03-2025 11:44,83.15,2016525,1736850
19-03-2025 11:44,84.15,2084475,1737300
19-03-2025 11:45,83.35,2061750,1774800
19-03-2025 11:45,84.05,2068200,1780800
19-03-2025 11:45,84.4,2075400,1804275
19-03-2025 11:45,82.15,2074950,1825875
19-03-2025 11:45,79,2005725,1854450
19-03-2025 11:45,80.2,1813200,1850625
19-03-2025 11:46,80.45,1862700,1843350
19-03-2025 11:46,78.4,1875900,1857750
19-03-2025 11:46,76.3,1820850,1842000
19-03-2025 11:46,76.05,1749375,1848075
19-03-2025 11:46,77.25,1790775,1856775
19-03-2025 11:46,78.3,1868400,1852125
19-03-2025 11:47,79.6,1930350,1832325
19-03-2025 11:47,80.3,1973325,1824900
19-03-2025 11:47,78.6,1974225,1813125
19-03-2025 11:47,80.75,1978950,1829700
19-03-2025 11:47,82.05,1985175,1826100
19-03-2025 11:47,82.65,2018175,1793100
19-03-2025 11:48,81.55,2034225,1829625
19-03-2025 11:48,80.5,1978050,1863675
19-03-2025 11:48,82.2,1982700,1864200
19-03-2025 11:48,82.45,2015100,1872825
19-03-2025 11:48,83.55,2045700,1885875
19-03-2025 11:48,83.85,2056425,1861875
19-03-2025 11:49,84.65,2059875,1847700
19-03-2025 11:49,85.4,2066100,1761225
19-03-2025 11:49,85.75,1988850,1787625
19-03-2025 11:49,86.15,1983450,1794750
19-03-2025 11:49,85,2022675,1826475
19-03-2025 11:49,85.15,1956150,1861800
19-03-2025 11:50,85.65,1985850,1874550
19-03-2025 11:50,86.4,2038125,1871475
19-03-2025 11:50,85.95,2014725,1847175
19-03-2025 11:50,86.1,2026950,1886775
19-03-2025 11:50,85.1,2030100,1894200
19-03-2025 11:50,83.8,1966425,1932675
19-03-2025 11:51,84.6,1944375,1920375
19-03-2025 11:51,84,1951050,1940850
19-03-2025 11:51,85.1,1944600,1970850
19-03-2025 11:51,86.5,1976400,1940325
19-03-2025 11:51,87.2,1987875,1900425
19-03-2025 11:51,86.8,2001300,1871475
19-03-2025 11:52,86.8,1992300,1935300
19-03-2025 11:52,85.75,2010675,1955400
19-03-2025 11:52,86.6,1962600,1965300
19-03-2025 11:52,86.55,1988025,2015400
19-03-2025 11:52,87.1,2012475,2024325
19-03-2025 11:52,86.2,1995675,1940775
19-03-2025 11:53,86.35,1992600,1958925
19-03-2025 11:53,86,2004300,1979250
19-03-2025 11:53,86.3,1993800,1992975
19-03-2025 11:53,85.7,1987500,2009475
19-03-2025 11:53,86.55,1998600,2004150
19-03-2025 11:53,86.8,1997925,2001525
19-03-2025 11:54,87.1,2015025,1985625
19-03-2025 11:54,86.5,2012850,1999350
19-03-2025 11:54,86.65,2014500,2016000
19-03-2025 11:54,86.7,2011800,2008500
19-03-2025 11:54,86.35,2018850,2018775
19-03-2025 11:54,86.8,2021175,2012625
19-03-2025 11:55,87,2035575,1992375
19-03-2025 11:55,87.65,2033475,1995450
19-03-2025 11:55,88.6,2047575,1961775
19-03-2025 11:55,88.45,2058975,1860375
19-03-2025 11:55,89.25,2069625,1874400
19-03-2025 11:55,89.8,2075850,1862400
19-03-2025 11:56,89.6,2062725,1843125
19-03-2025 11:56,90.45,2048100,1751550
19-03-2025 11:56,90.75,2037300,1782375
19-03-2025 11:56,90.9,2059350,1749975
19-03-2025 11:56,91.5,2052075,1745475
19-03-2025 11:56,91.5,2064600,1808550
19-03-2025 11:57,91.55,2058075,1823775
19-03-2025 11:57,90.8,2058525,1776075
19-03-2025 11:57,90.85,2024700,1789575
19-03-2025 11:57,91.15,1990950,1796100
19-03-2025 11:57,90.5,2040675,1820475
19-03-2025 11:57,89,2010450,1831575
19-03-2025 11:58,87.5,1925475,1875075
19-03-2025 11:58,87.25,1888425,1883700
19-03-2025 11:58,87.65,1894575,1884900
19-03-2025 11:58,88.6,1917900,1873950
19-03-2025 11:58,88.7,1931550,1870800
19-03-2025 11:58,87.85,1935375,1887075
19-03-2025 11:59,88.5,1924125,1895850
19-03-2025 11:59,89.25,1954725,1877175
19-03-2025 11:59,90.2,1973400,1859625
19-03-2025 11:59,90.3,1975425,1862550
19-03-2025 11:59,90.9,1971000,1866300
19-03-2025 11:59,91.1,1987650,1849425
19-03-2025 12:00,90.75,1986000,1865700
19-03-2025 12:00,89.7,1985025,1876650
19-03-2025 12:00,88.7,1960650,1903200
19-03-2025 12:00,87.75,1926825,1913625
19-03-2025 12:00,88.6,1926150,1905900
19-03-2025 12:00,86.05,1924500,1920375
19-03-2025 12:01,87.65,1892475,1913925
19-03-2025 12:01,90.5,1950675,1893900
19-03-2025 12:01,90.05,1950450,1860900
19-03-2025 12:01,90.1,1920975,1880925
19-03-2025 12:01,90.1,1927200,1908150
19-03-2025 12:01,90.7,1963500,1919925
19-03-2025 12:02,91.2,1973250,1865850
19-03-2025 12:02,90,1981125,1873875
19-03-2025 12:02,90.8,1989750,1918500
19-03-2025 12:02,91.35,2013525,1916025
19-03-2025 12:02,91,2012400,1874850
19-03-2025 12:02,91.1,2018400,1884675
19-03-2025 12:03,90,2019900,1885950
19-03-2025 12:03,88,1947600,1903200
19-03-2025 12:03,88.75,1909500,1904400
19-03-2025 12:03,89.6,1951050,1896450
19-03-2025 12:03,89,1938525,1901025
19-03-2025 12:03,88.8,1954650,1909575
19-03-2025 12:04,88.95,1986225,1908975
19-03-2025 12:04,88.8,1964325,1909200
19-03-2025 12:04,87.25,1961925,1911225
19-03-2025 12:04,88.25,1960575,1903425
19-03-2025 12:04,87.1,1961850,1913550
19-03-2025 12:04,88.7,1968150,1896825
19-03-2025 12:05,89,1982175,1904925
19-03-2025 12:05,88.35,1977975,1912800
19-03-2025 12:05,89,1998675,1895475
19-03-2025 12:05,87.75,1993425,1897350
19-03-2025 12:05,88.8,1993200,1899900
19-03-2025 12:05,90.45,2013075,1883400
19-03-2025 12:06,88.2,2010225,1871925
19-03-2025 12:06,86.65,1969125,1877400
19-03-2025 12:06,85,1946400,1889325
19-03-2025 12:06,83.3,1837800,1899450
19-03-2025 12:06,84.25,1835625,1889850
19-03-2025 12:06,86.15,1892175,1889400
19-03-2025 12:07,86,1923900,1898100
19-03-2025 12:07,85.8,1941975,1919400
19-03-2025 12:07,84.7,2071425,1931550
19-03-2025 12:07,84.5,2123550,1929375
19-03-2025 12:07,84.55,2132850,1936425
19-03-2025 12:07,85,2127000,1948875
19-03-2025 12:08,84.2,2146050,1957725
19-03-2025 12:08,83.85,2160450,1962600
19-03-2025 12:08,82.7,2133675,1966950
19-03-2025 12:08,81.9,2119425,1970700
19-03-2025 12:08,82.2,2071275,1987650
19-03-2025 12:08,83.15,2143050,1983075
19-03-2025 12:09,82.9,2156700,1983225
19-03-2025 12:09,80.15,2113950,2005500
19-03-2025 12:09,79.65,2023575,2001150
19-03-2025 12:09,78.9,2001600,2036325
19-03-2025 12:09,79,2010675,2039850
19-03-2025 12:09,80.55,2122500,2028600
19-03-2025 12:10,79.95,2130600,2023500
19-03-2025 12:10,80.35,2117175,2071950
19-03-2025 12:10,81.75,2153700,2065350
19-03-2025 12:10,81.8,2178450,2062650
19-03-2025 12:10,82.5,2205225,2075325
19-03-2025 12:10,83.2,2234550,2064000
19-03-2025 12:11,83.8,2245575,2025000
19-03-2025 12:11,83.4,2230725,2023725
19-03-2025 12:11,82.95,2231850,2026950
19-03-2025 12:11,83.6,2239275,2013975
19-03-2025 12:11,84.1,2266725,2013600
19-03-2025 12:11,83.8,2266500,2029725
19-03-2025 12:12,80.8,2256150,2067450
19-03-2025 12:12,80.1,2145150,2076825
19-03-2025 12:12,81.3,2128125,2093325
19-03-2025 12:12,79.95,2153400,2121975
19-03-2025 12:12,79.45,2117625,2124750
19-03-2025 12:12,79.8,2132850,2135775
19-03-2025 12:13,80.8,2165400,2094900
19-03-2025 12:13,82.25,2185125,2104875
19-03-2025 12:13,81.85,2206725,2098875
19-03-2025 12:13,82.6,2244900,2103525
19-03-2025 12:13,82.5,2255475,2116650
19-03-2025 12:13,79.75,2251125,2131875
19-03-2025 12:14,80.7,2183625,2136375
19-03-2025 12:14,82.2,2244525,2122950
19-03-2025 12:14,82.8,2250150,2121900
19-03-2025 12:14,83.1,2259375,2114550
19-03-2025 12:14,82.7,2267325,2092125
19-03-2025 12:14,81.05,2261700,2120850
19-03-2025 12:15,81.95,2258100,2121975
19-03-2025 12:15,83.1,2283375,2117850
19-03-2025 12:15,83.4,2284125,2080425
19-03-2025 12:15,84.2,2294850,2053950
19-03-2025 12:15,84.65,2304675,2033175
19-03-2025 12:15,84.6,2309475,2045325
19-03-2025 12:16,84.25,2312175,2042850
19-03-2025 12:16,83.55,2298600,2059500
19-03-2025 12:16,83.25,2290200,2075475
19-03-2025 12:16,83,2261775,2096100
19-03-2025 12:16,83.25,2275875,2094000
19-03-2025 12:16,84.9,2265600,2073300
19-03-2025 12:17,84.7,2266350,2067150
19-03-2025 12:17,85.15,2269725,1998750
19-03-2025 12:17,84.7,2251275,2010075
19-03-2025 12:17,85,2262300,2015550
19-03-2025 12:17,85.1,2282250,2026500
19-03-2025 12:17,84.95,2258325,2037225
19-03-2025 12:18,86,2267400,2040075
19-03-2025 12:18,87.1,2267550,1959975
19-03-2025 12:18,87.9,2259075,1922850
19-03-2025 12:18,88.65,2249550,1868775
19-03-2025 12:18,89.75,2265675,1831800
19-03-2025 12:18,89.7,2271150,1841025
19-03-2025 12:19,89.6,2276625,1810650
19-03-2025 12:19,89.85,2258175,1779825
19-03-2025 12:19,88.5,2258175,1799100
19-03-2025 12:19,89.4,2218275,1806675
19-03-2025 12:19,89.7,2238975,1824075
19-03-2025 12:19,89.6,2239425,1816650
19-03-2025 12:20,88.4,2236725,1859700
19-03-2025 12:20,88.9,2214900,1865625
19-03-2025 12:20,88.45,2209650,1822950
19-03-2025 12:20,88.85,2223825,1828875
19-03-2025 12:20,89.75,2236950,1818825
19-03-2025 12:20,89.95,2226900,1808100
19-03-2025 12:21,89,2230500,1826175
19-03-2025 12:21,89.65,2218425,1830225
19-03-2025 12:21,88.9,2220675,1835100
19-03-2025 12:21,88.9,2221275,1840650
19-03-2025 12:21,87.75,2227725,1850925
19-03-2025 12:21,89.2,2208600,1848000
19-03-2025 12:22,88.55,2219625,1837350
19-03-2025 12:22,88.9,2209500,1858200
19-03-2025 12:22,89.3,2231700,1854750
19-03-2025 12:22,88.85,2224950,1845750
19-03-2025 12:22,89.9,2220225,1854300
19-03-2025 12:22,90.9,2224875,1757550
19-03-2025 12:23,91.15,2212725,1739625
19-03-2025 12:23,91.5,2230650,1743525
19-03-2025 12:23,92.15,2237700,1749075
19-03-2025 12:23,94.45,2252625,1619925
19-03-2025 12:23,94.75,2257425,1482075
19-03-2025 12:23,95.5,2293425,1462050
19-03-2025 12:24,93.6,2273175,1469250
19-03-2025 12:24,93.25,2186325,1481700
19-03-2025 12:24,91.75,2172000,1501275
19-03-2025 12:24,90.5,2107050,1571100
19-03-2025 12:24,91.25,2097150,1529400
19-03-2025 12:24,90.6,2093775,1535325
19-03-2025 12:25,90.55,2112600,1547175
19-03-2025 12:25,92.4,2138175,1548150
19-03-2025 12:25,93.15,2162400,1521150
19-03-2025 12:25,93.4,2168550,1541400
19-03-2025 12:25,91.05,2174325,1578450
19-03-2025 12:25,90.4,2143575,1606125
19-03-2025 12:26,90.35,2136075,1605825
19-03-2025 12:26,93.4,2166975,1605975
19-03-2025 12:26,93,2177850,1522425
19-03-2025 12:26,94.5,2197350,1516950
19-03-2025 12:26,93.6,2207325,1538175
19-03-2025 12:26,93.6,2209950,1557750
19-03-2025 12:27,93.95,2191575,1572450
19-03-2025 12:27,93.95,2190750,1574850
19-03-2025 12:27,93.25,2188575,1569300
19-03-2025 12:27,93.5,2184900,1566525
19-03-2025 12:27,93.55,2209500,1583625
19-03-2025 12:27,94.6,2229675,1556100
19-03-2025 12:28,94.55,2236500,1538775
19-03-2025 12:28,92.7,2221650,1575825
19-03-2025 12:28,90.4,2193450,1587825
19-03-2025 12:28,90.65,2144925,1601625
19-03-2025 12:28,88.15,2144625,1603950
19-03-2025 12:28,89.3,2095425,1610775
19-03-2025 12:29,88.75,2124675,1626825
19-03-2025 12:29,86.1,2091600,1639725
19-03-2025 12:29,85.75,2066325,1628625
19-03-2025 12:29,87.95,2092275,1637025
19-03-2025 12:29,88.2,2119125,1648800
19-03-2025 12:29,86.1,2138100,1673850
19-03-2025 12:30,85.3,2110275,1681350
19-03-2025 12:30,85.6,2065500,1682250
19-03-2025 12:30,87.9,2108700,1666800
19-03-2025 12:30,88.35,2148150,1669725
19-03-2025 12:30,87.65,2162625,1744500
19-03-2025 12:30,88.4,2153100,1706175
19-03-2025 12:31,89.3,2190375,1695675
19-03-2025 12:31,89.45,2226225,1643700
19-03-2025 12:31,89,2191800,1650825
19-03-2025 12:31,90.15,2211150,1661250
19-03-2025 12:31,91.15,2229150,1663575
19-03-2025 12:31,91.25,2242950,1633650
19-03-2025 12:32,88.1,2213925,1667400
19-03-2025 12:32,86.9,2131200,1684800
19-03-2025 12:32,87,2143425,1694550
19-03-2025 12:32,87.6,2161050,1708350
19-03-2025 12:32,87.6,2169150,1719450
19-03-2025 12:32,87.9,2183250,1720650
19-03-2025 12:33,88.95,2182950,1716600
19-03-2025 12:33,90.5,2203950,1717275
19-03-2025 12:33,91.2,2228850,1691400
19-03-2025 12:33,92.3,2221350,1693125
19-03-2025 12:33,91.8,2231475,1685175
19-03-2025 12:33,92.5,2245425,1702050
19-03-2025 12:34,91.75,2236650,1703250
19-03-2025 12:34,90.9,2245200,1705200
19-03-2025 12:34,90.35,2237625,1718550
19-03-2025 12:34,91.45,2243850,1715550
19-03-2025 12:34,91.95,2247750,1700550
19-03-2025 12:34,91.35,2271450,1704825
19-03-2025 12:35,91.15,2275875,1725975
19-03-2025 12:35,89.65,2255775,1750350
19-03-2025 12:35,90.65,2252625,1748100
19-03-2025 12:35,91.25,2252625,1735950
19-03-2025 12:35,92.35,2260875,1728900
19-03-2025 12:35,92.25,2270700,1691175
19-03-2025 12:36,91.95,2261100,1665450
19-03-2025 12:36,92.6,2267775,1684650
19-03-2025 12:36,93,2275875,1671750
19-03-2025 12:36,92.8,2295150,1677300
19-03-2025 12:36,90.7,2280750,1702125
19-03-2025 12:36,91.5,2253300,1752075
19-03-2025 12:37,91.2,2267100,1763175
19-03-2025 12:37,92.4,2284575,1778475
19-03-2025 12:37,93.8,2289900,1758750
19-03-2025 12:37,94.65,2305500,1624125
19-03-2025 12:37,96.1,2307300,1586550
19-03-2025 12:37,95.5,2305425,1471050
19-03-2025 12:38,92.65,2271675,1521150
19-03-2025 12:38,94,2334825,1523175
19-03-2025 12:38,95.8,2366625,1534050
19-03-2025 12:38,95.95,2369025,1509900
19-03-2025 12:38,94.9,2316525,1548075
19-03-2025 12:38,93.4,2280375,1580775
19-03-2025 12:39,93.95,2272800,1587825
19-03-2025 12:39,94.8,2331900,1565475
19-03-2025 12:39,95.55,2342100,1552275
19-03-2025 12:39,95.55,2359500,1559400
19-03-2025 12:39,94.1,2337525,1592250
19-03-2025 12:39,92.25,2279925,1585500
19-03-2025 12:40,93.6,2279025,1573725
19-03-2025 12:40,92.35,2292600,1615125
19-03-2025 12:40,91.3,2270025,1622775
19-03-2025 12:40,93.4,2277300,1610700
19-03-2025 12:40,93.45,2287875,1609725
19-03-2025 12:40,92.95,2305275,1628475
19-03-2025 12:41,94,2351700,1634175
19-03-2025 12:41,93.85,2351100,1627500
19-03-2025 12:41,95.1,2362875,1631175
19-03-2025 12:41,94.8,2373600,1594875
19-03-2025 12:41,94.3,2353275,1618800
19-03-2025 12:41,94.75,2346150,1622625
19-03-2025 12:42,94,2335425,1628850
19-03-2025 12:42,92.5,2281950,1636125
19-03-2025 12:42,92.65,2287125,1644150
19-03-2025 12:42,93.3,2285850,1650825
19-03-2025 12:42,94,2309325,1638675
19-03-2025 12:42,95.3,2315850,1628400
19-03-2025 12:43,95.65,2313975,1524975
19-03-2025 12:43,94.1,2305200,1545225
19-03-2025 12:43,94.75,2300100,1556175
19-03-2025 12:43,93.85,2303925,1558350
19-03-2025 12:43,94.15,2315850,1573950
19-03-2025 12:43,94,2333175,1579425
19-03-2025 12:44,92.55,2327775,1607175
19-03-2025 12:44,92,2271075,1610475
19-03-2025 12:44,89.9,2255325,1648725
19-03-2025 12:44,88.6,2105100,1671375
19-03-2025 12:44,89.15,2119875,1636875
19-03-2025 12:44,90,2151825,1632675
19-03-2025 12:45,91.8,2178675,1612800
19-03-2025 12:45,91.35,2207400,1620900
19-03-2025 12:45,92,2234100,1622625
19-03-2025 12:45,91.75,2231325,1631700
19-03-2025 12:45,91.6,2228925,1637850
19-03-2025 12:45,90.6,2214300,1659975
19-03-2025 12:46,89.7,2202900,1668600
19-03-2025 12:46,90.5,2223375,1677450
19-03-2025 12:46,93.25,2247450,1662675
19-03-2025 12:46,92.8,2233200,1649400
19-03-2025 12:46,93.2,2273025,1638525
19-03-2025 12:46,93.45,2277525,1646475
19-03-2025 12:47,93.15,2289450,1624500
19-03-2025 12:47,94.25,2291625,1633500
19-03-2025 12:47,93.55,2294925,1646700
19-03-2025 12:47,93.85,2292150,1657725
19-03-2025 12:47,93.75,2297850,1649400
19-03-2025 12:47,94.1,2300850,1653750
19-03-2025 12:48,94.15,2288175,1656825
19-03-2025 12:48,94.45,2311050,1658400
19-03-2025 12:48,95,2337825,1644750
19-03-2025 12:48,95.25,2339700,1554375
19-03-2025 12:48,95.6,2328000,1555950
19-03-2025 12:48,95.45,2342025,1546275
19-03-2025 12:49,96,2330550,1574100
19-03-2025 12:49,95.5,2321700,1557975
19-03-2025 12:49,95.3,2324775,1571400
19-03-2025 12:49,95.95,2329575,1574925
19-03-2025 12:49,110.05,2413725,1560975
19-03-2025 12:49,109.75,2412225,772425
19-03-2025 12:50,112.85,2404950,767025
19-03-2025 12:50,109.7,2394675,751950
19-03-2025 12:50,109.25,2308050,807000
19-03-2025 12:50,109.75,2288175,821625
19-03-2025 12:50,105.25,2256975,826050
19-03-2025 12:50,105.95,2161500,836925
19-03-2025 12:51,104.2,2169525,860325
19-03-2025 12:51,106,2187825,883350
19-03-2025 12:51,105.8,2196525,892200
19-03-2025 12:51,105.15,2209950,905025
19-03-2025 12:51,104.6,2213550,926250
19-03-2025 12:51,103.25,2199075,942525
19-03-2025 12:52,105,2200575,943500
19-03-2025 12:52,107.6,2253300,914625
19-03-2025 12:52,107.9,2279925,897150
19-03-2025 12:52,107.95,2298150,916500
19-03-2025 12:52,105.8,2297100,967425
19-03-2025 12:52,104.8,2252250,988950
19-03-2025 12:53,102.2,2185725,1030575
19-03-2025 12:53,102.9,2141175,1035150
19-03-2025 12:53,102.45,2182200,1048050
19-03-2025 12:53,101.7,2166375,1059225
19-03-2025 12:53,100.35,2182575,1074900
19-03-2025 12:53,102.35,2179950,1085475
19-03-2025 12:54,102.9,2200050,1056675
19-03-2025 12:54,102.55,2214075,1093950
19-03-2025 12:54,103.25,2259525,1090950
19-03-2025 12:54,104,2279850,1068000
19-03-2025 12:54,104.8,2296800,1062450
19-03-2025 12:54,105.05,2306700,1107900
19-03-2025 12:55,103.75,2271900,1131600
19-03-2025 12:55,102.05,2259750,1151775
19-03-2025 12:55,102.55,2235000,1159425
19-03-2025 12:55,104.3,2254125,1152825
19-03-2025 12:55,106.4,2297700,1130775
19-03-2025 12:55,105.7,2307075,1083225
19-03-2025 12:56,104.75,2323575,1078425
19-03-2025 12:56,101.9,2279100,1127700
19-03-2025 12:56,101.95,2214300,1143525
19-03-2025 12:56,103.05,2254350,1151850
19-03-2025 12:56,103.15,2268975,1161525
19-03-2025 12:56,103,2281125,1184775
19-03-2025 12:57,103.8,2320650,1180575
19-03-2025 12:57,103.55,2325300,1174950
19-03-2025 12:57,101.65,2315775,1188300
19-03-2025 12:57,104.5,2321475,1189425
19-03-2025 12:57,105.3,2331675,1156875
19-03-2025 12:57,106.65,2312775,1143975
19-03-2025 12:58,106.65,2311725,1154475
19-03-2025 12:58,105.6,2312550,1197525
19-03-2025 12:58,107,2341275,1205325
19-03-2025 12:58,106.85,2373375,1190625
19-03-2025 12:58,108.8,2391900,1187775
19-03-2025 12:58,110.5,2403825,1097025
19-03-2025 12:59,109.2,2405550,1010025
19-03-2025 12:59,109.4,2384250,1055100
19-03-2025 12:59,108.3,2394000,1060425
19-03-2025 12:59,108.6,2384925,1091250
19-03-2025 12:59,108,2343675,1101075
19-03-2025 12:59,108,2336400,1119825
19-03-2025 13:00,108.2,2339925,1151325
19-03-2025 13:00,108,2346375,1149675
19-03-2025 13:00,108.45,2347350,1247025
19-03-2025 13:00,108.6,2372325,1176300
19-03-2025 13:00,109.35,2377275,1159050
19-03-2025 13:00,108.15,2361450,1158900
19-03-2025 13:01,108.6,2343450,1170675
19-03-2025 13:01,107.5,2376600,1184775
19-03-2025 13:01,106.3,2409900,1192575
19-03-2025 13:01,104.4,2349525,1204725
19-03-2025 13:01,103.95,2219550,1198875
19-03-2025 13:01,102.25,2214150,1208025
19-03-2025 13:02,103.65,2130600,1204500
19-03-2025 13:02,102.85,2165850,1224900
19-03-2025 13:02,103.2,2173500,1231425
19-03-2025 13:02,103,2183475,1234275
19-03-2025 13:02,102.75,2219550,1238100
19-03-2025 13:02,102.65,2228400,1235775
19-03-2025 13:03,104.3,2241150,1216575
19-03-2025 13:03,104.35,2260125,1220850
19-03-2025 13:03,104.05,2262825,1229925
19-03-2025 13:03,102.1,2259825,1253625
19-03-2025 13:03,101.25,2180175,1272600
19-03-2025 13:03,99.5,2131050,1258275
19-03-2025 13:04,100.1,2052750,1255500
19-03-2025 13:04,99.35,2071500,1260525
19-03-2025 13:04,98.8,2070300,1277925
19-03-2025 13:04,100.35,2071875,1267200
19-03-2025 13:04,99.9,2095200,1258350
19-03-2025 13:04,100.25,2122350,1265850
19-03-2025 13:05,98.65,2115750,1266825
19-03-2025 13:05,98.75,2079450,1275600
19-03-2025 13:05,100.4,2121450,1275150
19-03-2025 13:05,100.9,2129250,1286025
19-03-2025 13:05,101.8,2153400,1275375
19-03-2025 13:05,101.1,2151225,1296675
19-03-2025 13:06,102.15,2188350,1301550
19-03-2025 13:06,100.4,2176800,1317300
19-03-2025 13:06,97.45,2120325,1323075
19-03-2025 13:06,96.9,2059200,1353825
19-03-2025 13:06,96.8,2041650,1364100
19-03-2025 13:06,97,2026950,1375050
19-03-2025 13:07,95.4,2036475,1370175
19-03-2025 13:07,94.25,1926525,1372725
19-03-2025 13:07,94,1901400,1377525
19-03-2025 13:07,93.35,1914750,1376775
19-03-2025 13:07,93,1937850,1390200
19-03-2025 13:07,92.4,1943250,1397850
19-03-2025 13:08,91.45,1917900,1423425
19-03-2025 13:08,90.95,1956825,1414875
19-03-2025 13:08,90.1,1877250,1430850
19-03-2025 13:08,90.7,1878000,1413225
19-03-2025 13:08,91.15,1921125,1415400
19-03-2025 13:08,90.8,1977975,1401675
19-03-2025 13:09,90.3,1969725,1426500
19-03-2025 13:09,88.5,1931925,1441650
19-03-2025 13:09,84.8,1831275,1449225
19-03-2025 13:09,82.6,1736025,1420500
19-03-2025 13:09,83.25,1755975,1412625
19-03-2025 13:09,84,1786125,1421250
19-03-2025 13:10,83.25,1783800,1424550
19-03-2025 13:10,81.15,1784850,1447875
19-03-2025 13:10,83,1681950,1443000
19-03-2025 13:10,83.1,1750875,1447650
19-03-2025 13:10,83.7,1765500,1465950
19-03-2025 13:10,83.4,1801275,1474800
19-03-2025 13:11,81.35,1781775,1520250
19-03-2025 13:11,80.6,1734000,1530225
19-03-2025 13:11,79.9,1733850,1555050
19-03-2025 13:11,81,1815600,1538325
19-03-2025 13:11,82,1870425,1492725
19-03-2025 13:11,83.1,1899375,1482225
19-03-2025 13:12,83.15,1956075,1464375
19-03-2025 13:12,81,1939650,1492875
19-03-2025 13:12,80.15,1856550,1521150
19-03-2025 13:12,82,1893300,1502625
19-03-2025 13:12,83.25,1944825,1490775
19-03-2025 13:12,82.6,1959300,1492800
19-03-2025 13:13,80.85,1956600,1533150
19-03-2025 13:13,81.8,1955775,1540725
19-03-2025 13:13,82.75,1996350,1543350
19-03-2025 13:13,82.6,1992675,1541700
19-03-2025 13:13,82.9,2004150,1529025
19-03-2025 13:13,83.85,2046825,1518150
19-03-2025 13:14,84.45,2095725,1523025
19-03-2025 13:14,86.15,2113275,1500525
19-03-2025 13:14,87.85,2134200,1406250
19-03-2025 13:14,87.2,2141700,1359450
19-03-2025 13:14,88.3,2119425,1398525
19-03-2025 13:14,88.15,2145675,1439775
19-03-2025 13:15,85.4,2134125,1467075
19-03-2025 13:15,86.1,2087550,1504500
19-03-2025 13:15,88.8,2134575,1490100
19-03-2025 13:15,89.65,2173350,1423875
19-03-2025 13:15,89.85,2191200,1440000
19-03-2025 13:15,90.35,2208975,1368150
19-03-2025 13:16,91.25,2242125,1371525
19-03-2025 13:16,91.2,2220450,1407000
19-03-2025 13:16,90.6,2189100,1442700
19-03-2025 13:16,91.05,2231550,1458000
19-03-2025 13:16,91.65,2223900,1457250
19-03-2025 13:16,90.85,2207475,1422825
19-03-2025 13:17,89.9,2193525,1445700
19-03-2025 13:17,88.4,2123775,1467300
19-03-2025 13:17,88.55,2035650,1469775
19-03-2025 13:17,89,2052450,1488000
19-03-2025 13:17,89.15,2067975,1493475
19-03-2025 13:17,90.65,2075175,1504050
19-03-2025 13:18,89.85,2065500,1491825
19-03-2025 13:18,90.25,2049075,1507425
19-03-2025 13:18,89.7,2067000,1512825
19-03-2025 13:18,90.3,2077950,1518525
19-03-2025 13:18,90.65,2094750,1514100
19-03-2025 13:18,91,2103225,1505775
19-03-2025 13:19,92.3,2097825,1425225
19-03-2025 13:19,93.15,2096625,1421925
19-03-2025 13:19,94.7,2144100,1378275
19-03-2025 13:19,93.85,2158050,1376250
19-03-2025 13:19,93.6,2134200,1345275
19-03-2025 13:19,94.6,2163225,1351500
19-03-2025 13:20,93.95,2167800,1339800
19-03-2025 13:20,94.5,2141550,1347375
19-03-2025 13:20,93.9,2165475,1340475
19-03-2025 13:20,92.45,2150925,1383450
19-03-2025 13:20,93.3,2112600,1379025
19-03-2025 13:20,95.05,2142000,1384950
19-03-2025 13:21,94.8,2138775,1352325
19-03-2025 13:21,93.6,2125200,1391175
19-03-2025 13:21,93.1,2103750,1413900
19-03-2025 13:21,93.15,2113275,1426725
19-03-2025 13:21,93.15,2130375,1434750
19-03-2025 13:21,94.3,2162700,1416900
19-03-2025 13:22,91.8,2184600,1440225
19-03-2025 13:22,92.9,2090850,1449525
19-03-2025 13:22,92.3,2105550,1469475
19-03-2025 13:22,91.85,2125575,1471800
19-03-2025 13:22,90.1,2072775,1483725
19-03-2025 13:22,90,1974900,1493175
19-03-2025 13:23,90.75,2024175,1492950
19-03-2025 13:23,90.5,2017575,1520325
19-03-2025 13:23,90.05,1992525,1550850
19-03-2025 13:23,88.7,1987350,1560075
19-03-2025 13:23,88.85,1973850,1565925
19-03-2025 13:23,90.7,1977150,1543200
19-03-2025 13:24,89.9,1975500,1563000
19-03-2025 13:24,89.75,1989150,1581225
19-03-2025 13:24,91.85,2011350,1572075
19-03-2025 13:24,92.25,2030400,1494075
19-03-2025 13:24,90.8,2031600,1524975
19-03-2025 13:24,91.35,2041200,1536075
19-03-2025 13:25,90.1,2033325,1551150
19-03-2025 13:25,88.85,1993875,1551300
19-03-2025 13:25,89.4,1999200,1552575
19-03-2025 13:25,89.9,2028375,1572525
19-03-2025 13:25,91.65,2044725,1564725
19-03-2025 13:25,91.1,2056575,1572525
19-03-2025 13:26,91.1,2054025,1583775
19-03-2025 13:26,89.9,2051925,1610175
19-03-2025 13:26,90.5,1894800,1613250
19-03-2025 13:26,89.2,1885050,1611975
19-03-2025 13:26,89.9,1887825,1617075
19-03-2025 13:26,91,1920525,1608375
19-03-2025 13:27,89.5,1914000,1616400
19-03-2025 13:27,90.1,1926600,1623450
19-03-2025 13:27,89.85,1930050,1617825
19-03-2025 13:27,89.7,1939050,1616925
19-03-2025 13:27,87.8,1922100,1633125
19-03-2025 13:27,88.3,1864125,1629900
19-03-2025 13:28,85.8,1858575,1630500
19-03-2025 13:28,84.6,1702875,1633950
19-03-2025 13:28,85,1727400,1609500
19-03-2025 13:28,86,1766250,1598775
19-03-2025 13:28,86.7,1838325,1590150
19-03-2025 13:28,88.25,1863450,1584300
19-03-2025 13:29,88.45,1890600,1603275
19-03-2025 13:29,87.35,1913925,1613100
19-03-2025 13:29,86.7,1914075,1609575
19-03-2025 13:29,87.95,1950750,1613700
19-03-2025 13:29,88.65,1950675,1579275
19-03-2025 13:29,89.65,1970175,1581750
19-03-2025 13:30,90.75,1966575,1562925
19-03-2025 13:30,93,1969200,1496400
19-03-2025 13:30,95.25,1995825,1435275
19-03-2025 13:30,94.75,2004000,1331250
19-03-2025 13:30,92.9,1988625,1383525
19-03-2025 13:30,93,1941825,1404975
19-03-2025 13:31,93.75,1979475,1427475
19-03-2025 13:31,94.5,1998225,1445475
19-03-2025 13:31,94.95,1987350,1451100
19-03-2025 13:31,94,1985100,1443525
19-03-2025 13:31,92.7,1965375,1454025
19-03-2025 13:31,93.25,1986675,1462200
19-03-2025 13:32,93,1992225,1467900
19-03-2025 13:32,92.1,1991775,1476300
19-03-2025 13:32,93.75,1963725,1462425
19-03-2025 13:32,94.2,1978950,1439400
19-03-2025 13:32,93,1972350,1479750
19-03-2025 13:32,94.05,1983900,1489800
19-03-2025 13:33,93.5,1987500,1486350
19-03-2025 13:33,93.5,1995975,1498200
19-03-2025 13:33,93.3,1993575,1510800
19-03-2025 13:33,94.25,1998150,1510050
19-03-2025 13:33,93.55,2000625,1470375
19-03-2025 13:33,92.05,1992450,1501575
19-03-2025 13:34,92.25,1963800,1496325
19-03-2025 13:34,92.65,1973700,1496325
19-03-2025 13:34,92.2,1959000,1512750
19-03-2025 13:34,93.05,1954575,1518450
19-03-2025 13:34,94.05,1975050,1504425
19-03-2025 13:34,93,1980450,1496025
19-03-2025 13:35,92.7,1964625,1504125
19-03-2025 13:35,93.2,1982175,1507275
19-03-2025 13:35,93,1993425,1520775
19-03-2025 13:35,94.6,2006700,1518825
19-03-2025 13:35,94.6,2004000,1460325
19-03-2025 13:35,95.5,2011425,1433475
19-03-2025 13:36,94.75,2019525,1333875
19-03-2025 13:36,92.55,1986075,1370250
19-03-2025 13:36,92.15,1965675,1368675
19-03-2025 13:36,93.35,1974000,1374450
19-03-2025 13:36,93.9,2007525,1381125
19-03-2025 13:36,95,2032350,1385550
19-03-2025 13:37,95.95,2061750,1364625
19-03-2025 13:37,96.15,2083350,1348725
19-03-2025 13:37,97.1,2084025,1318200
19-03-2025 13:37,97.9,2063025,1308600
19-03-2025 13:37,97.9,2062350,1272300
19-03-2025 13:37,100.55,2087625,1283550
19-03-2025 13:38,100.5,2096700,1166100
19-03-2025 13:38,99.3,2103375,1175850
19-03-2025 13:38,98.75,2087850,1212750
19-03-2025 13:38,99.15,2091075,1220250
19-03-2025 13:38,98.4,2090025,1237875
19-03-2025 13:38,96.95,2048625,1259625
19-03-2025 13:39,98.95,2029275,1250700
19-03-2025 13:39,98.75,2042100,1256325
19-03-2025 13:39,101.45,2041500,1261500
19-03-2025 13:39,99.65,2056950,1205850
19-03-2025 13:39,100.15,2082825,1232025
19-03-2025 13:39,98.5,2092050,1251000
19-03-2025 13:40,98.2,2064750,1277850
19-03-2025 13:40,97.35,2040825,1283550
19-03-2025 13:40,97.3,2040375,1292625
19-03-2025 13:40,97.4,2018700,1306800
19-03-2025 13:40,96.65,2022975,1317825
19-03-2025 13:40,95.6,2023800,1318500
19-03-2025 13:41,94.5,1971225,1320375
19-03-2025 13:41,93.5,1912350,1325700
19-03-2025 13:41,93.35,1919175,1333650
19-03-2025 13:41,93.3,1916325,1335075
19-03-2025 13:41,94.05,1948425,1325250
19-03-2025 13:41,95.2,1970925,1311450
19-03-2025 13:42,94.95,1969200,1329600
19-03-2025 13:42,93.6,1968000,1348275
19-03-2025 13:42,92,1952925,1372725
19-03-2025 13:42,92.1,1920750,1370400
19-03-2025 13:42,91.9,1916925,1373175
19-03-2025 13:42,92.35,1951725,1372950
19-03-2025 13:43,92.25,1986300,1379625
19-03-2025 13:43,92.95,1989450,1370250
19-03-2025 13:43,90.25,1972425,1389300
19-03-2025 13:43,90.25,1885425,1388475
19-03-2025 13:43,90.3,1899150,1402950
19-03-2025 13:43,91.4,1939050,1397775
19-03-2025 13:44,91.85,1948575,1393650
19-03-2025 13:44,92.8,1966800,1394625
19-03-2025 13:44,93.9,1992675,1395450
19-03-2025 13:44,93.25,2002425,1375575
19-03-2025 13:44,93.55,1985325,1394475
19-03-2025 13:44,93.1,1989375,1404750
19-03-2025 13:45,92.45,1979925,1409325
19-03-2025 13:45,92.85,1972275,1413375
19-03-2025 13:45,92.8,1980900,1423050
19-03-2025 13:45,91.6,1972050,1443450
19-03-2025 13:45,90.25,1964550,1449525
19-03-2025 13:45,92.05,1948350,1434000
19-03-2025 13:46,91.95,1980525,1428300
19-03-2025 13:46,92.35,2002350,1432425
19-03-2025 13:46,93.35,2007375,1437900
19-03-2025 13:46,92.65,1999575,1436400
19-03-2025 13:46,92.8,1990275,1439925
19-03-2025 13:46,93.8,2007375,1425825
19-03-2025 13:47,93.4,2016000,1431150
19-03-2025 13:47,91.7,2006775,1446825
19-03-2025 13:47,88.1,1984050,1457250
19-03-2025 13:47,89,1836750,1451625
19-03-2025 13:47,89.4,1900650,1456575
19-03-2025 13:47,89.5,1927200,1460325
19-03-2025 13:48,88.75,1926825,1494300
19-03-2025 13:48,89.25,1967250,1486200
19-03-2025 13:48,89,1979775,1478775
19-03-2025 13:48,89,1982700,1481175
19-03-2025 13:48,88.45,1951950,1485450
19-03-2025 13:48,88.2,1950675,1497750
19-03-2025 13:49,87.85,1969125,1486950
19-03-2025 13:49,88.4,1991100,1491225
19-03-2025 13:49,88.55,2001900,1492725
19-03-2025 13:49,88.75,1999875,1479525
19-03-2025 13:49,88.4,2014725,1487925
19-03-2025 13:49,86.9,2011200,1504950
19-03-2025 13:50,85.4,1982325,1505700
19-03-2025 13:50,85.3,1841925,1498050
19-03-2025 13:50,86,1849200,1488150
19-03-2025 13:50,87,1878300,1470075
19-03-2025 13:50,87.4,1915575,1491075
19-03-2025 13:50,87.9,1941150,1496925
19-03-2025 13:51,88.6,1952850,1504650
19-03-2025 13:51,89.75,1982550,1505775
19-03-2025 13:51,88.9,1990425,1533375
19-03-2025 13:51,89.4,1987950,1542600
19-03-2025 13:51,89.75,1989675,1554450
19-03-2025 13:51,85.75,1982550,1573575
19-03-2025 13:52,87.45,1897275,1567050
19-03-2025 13:52,88,1936875,1569525
19-03-2025 13:52,88,1959825,1582575
19-03-2025 13:52,87.2,1954200,1601025
19-03-2025 13:52,87.75,1964625,1615575
19-03-2025 13:52,88.3,1973325,1594200
19-03-2025 13:53,88.45,1983375,1594350
19-03-2025 13:53,89,1984125,1584900
19-03-2025 13:53,89,1978050,1605300
19-03-2025 13:53,88.95,2007900,1605600
19-03-2025 13:53,90,2009925,1603800
19-03-2025 13:53,89.85,2016375,1556775
19-03-2025 13:54,88.6,2015100,1581075
19-03-2025 13:54,88.2,2023200,1576725
19-03-2025 13:54,88.3,2012700,1585650
19-03-2025 13:54,87.35,1995450,1590825
19-03-2025 13:54,87,1960050,1606050
19-03-2025 13:54,89.1,1988625,1596675
19-03-2025 13:55,89.1,2001675,1573800
19-03-2025 13:55,89.55,2004975,1557300
19-03-2025 13:55,90.55,2019975,1565400
19-03-2025 13:55,89.5,2014950,1566900
19-03-2025 13:55,89.7,2012400,1579650
19-03-2025 13:55,90.2,2025000,1582275
19-03-2025 13:56,91.2,2056350,1564275
19-03-2025 13:56,90.75,2054475,1546575
19-03-2025 13:56,91.45,2058150,1561350
19-03-2025 13:56,91.3,2067000,1560525
19-03-2025 13:56,90.65,2065950,1541700
19-03-2025 13:56,90.55,2057175,1558575
19-03-2025 13:57,88.3,2039475,1589175
19-03-2025 13:57,87,1952925,1592700
19-03-2025 13:57,87.6,1912725,1598250
19-03-2025 13:57,89,1946925,1604475
19-03-2025 13:57,89.35,1975875,1604325
19-03-2025 13:57,88.05,1987800,1619550
19-03-2025 13:58,89.6,1990800,1622625
19-03-2025 13:58,90.2,2023125,1611150
19-03-2025 13:58,90,2027550,1611900
19-03-2025 13:58,89.2,2034600,1620600
19-03-2025 13:58,88.55,2025750,1638075
19-03-2025 13:58,90.4,2028675,1637700
19-03-2025 13:59,91.2,2030925,1577100
19-03-2025 13:59,90.9,2030025,1591050
19-03-2025 13:59,91,2023125,1607550
19-03-2025 13:59,91.15,2050650,1605225
19-03-2025 13:59,92.3,2064300,1588950
19-03-2025 13:59,92,2065500,1551225
19-03-2025 14:00,89.05,2055525,1567650
19-03-2025 14:00,90.4,1988700,1575375
19-03-2025 14:00,91,2014275,1566000
19-03-2025 14:00,91.7,2029950,1559625
19-03-2025 14:00,93.2,2056050,1544400
19-03-2025 14:00,94,2067975,1465725
19-03-2025 14:01,93.2,2072100,1448475
19-03-2025 14:01,92.4,2039325,1468350
19-03-2025 14:01,92.1,2028825,1484700
19-03-2025 14:01,92.1,2017275,1491600
19-03-2025 14:01,92.9,2030325,1490550
19-03-2025 14:01,90.6,2034075,1500750
19-03-2025 14:02,91,1992300,1519575
19-03-2025 14:02,90.6,2002650,1541700
19-03-2025 14:02,90.15,1957425,1533000
19-03-2025 14:02,90.65,1966200,1548750
19-03-2025 14:02,90,1988475,1565775
19-03-2025 14:02,93,2019075,1565625
19-03-2025 14:03,92,2001000,1505775
19-03-2025 14:03,91.95,2029275,1518975
19-03-2025 14:03,93.95,2045025,1512000
19-03-2025 14:03,93.8,2049150,1445775
19-03-2025 14:03,94.3,2058375,1360950
19-03-2025 14:03,94.8,2057850,1367400
19-03-2025 14:04,94.05,2034300,1395600
19-03-2025 14:04,95.35,2042700,1402650
19-03-2025 14:04,95.65,2066850,1357500
19-03-2025 14:04,96.3,2090775,1318725
19-03-2025 14:04,95.65,2085525,1343175
19-03-2025 14:04,98.3,2106825,1341150
19-03-2025 14:05,97.05,2101425,1294800
19-03-2025 14:05,95.9,2062050,1335450
19-03-2025 14:05,96.1,2050200,1349175
19-03-2025 14:05,96.2,2031450,1357725
19-03-2025 14:05,95.85,2051250,1374750
19-03-2025 14:05,95.7,2068650,1389675
19-03-2025 14:06,96.05,2084100,1386300
19-03-2025 14:06,96,2076675,1402725
19-03-2025 14:06,96.65,2084775,1387275
19-03-2025 14:06,96.95,2091825,1366200
19-03-2025 14:06,97.85,2096100,1368300
19-03-2025 14:06,98.25,2086650,1332150
19-03-2025 14:07,98.15,2084925,1319475
19-03-2025 14:07,97.15,2068350,1321125
19-03-2025 14:07,96.7,2011200,1335450
19-03-2025 14:07,95.95,2017350,1366875
19-03-2025 14:07,98,2033100,1368750
19-03-2025 14:07,97.55,2046450,1343100
19-03-2025 14:08,97.7,2040300,1358175
19-03-2025 14:08,97.35,2032200,1365750
19-03-2025 14:08,97.6,2037300,1361625
19-03-2025 14:08,96.55,2034975,1367025
19-03-2025 14:08,96.6,2031825,1371525
19-03-2025 14:08,96.25,2021400,1376700
19-03-2025 14:09,96.3,2033100,1374600
19-03-2025 14:09,96.45,2030025,1366425
19-03-2025 14:09,97.15,2030625,1369050
19-03-2025 14:09,96.1,2038050,1381425
19-03-2025 14:09,94.5,2021250,1393575
19-03-2025 14:09,93.4,1956975,1398600
19-03-2025 14:10,95.4,1924425,1388700
19-03-2025 14:10,93.8,1923975,1386450
19-03-2025 14:10,95.95,1982850,1384350
19-03-2025 14:10,95,1983450,1383525
19-03-2025 14:10,93.55,1975425,1418925
19-03-2025 14:10,92,1955025,1430025
19-03-2025 14:11,93.45,1941900,1424475
19-03-2025 14:11,92.65,1958325,1439775
19-03-2025 14:11,92.8,1980600,1427175
19-03-2025 14:11,93,2008725,1431675
19-03-2025 14:11,93.6,2032275,1421625
19-03-2025 14:11,93.9,2041950,1427925
19-03-2025 14:12,92.75,2052450,1429125
19-03-2025 14:12,91.8,2044200,1431300
19-03-2025 14:12,92.9,2011800,1437825
19-03-2025 14:12,93.2,2037000,1443825
19-03-2025 14:12,91.85,2030775,1467600
19-03-2025 14:12,90.65,2021400,1477050
19-03-2025 14:13,88.15,1901625,1475850
19-03-2025 14:13,88,1821825,1479375
19-03-2025 14:13,87.55,1827825,1484775
19-03-2025 14:13,88.15,1846725,1524900
19-03-2025 14:13,88.15,1895475,1491000
19-03-2025 14:13,86.6,1891050,1507725
19-03-2025 14:14,86.7,1865400,1532625
19-03-2025 14:14,87.35,1911600,1531125
19-03-2025 14:14,86.7,1942800,1536300
19-03-2025 14:14,87.3,1966350,1537050
19-03-2025 14:14,87.8,2016300,1530375
19-03-2025 14:14,88.3,2039850,1510275
19-03-2025 14:15,87.5,2021400,1520925
19-03-2025 14:15,88.05,2011050,1530825
19-03-2025 14:15,87.7,2020725,1520550
19-03-2025 14:15,88.55,2034000,1534650
19-03-2025 14:15,89.15,2064150,1523700
19-03-2025 14:15,89.2,2082225,1518525
19-03-2025 14:16,88.5,2081700,1535100
19-03-2025 14:16,89.9,2103150,1534500
19-03-2025 14:16,89.65,2114850,1487325
19-03-2025 14:16,90.55,2119650,1499325
19-03-2025 14:16,90.9,2130750,1499775
19-03-2025 14:16,90.15,2142750,1509000
19-03-2025 14:17,90.5,2101800,1518525
19-03-2025 14:17,91,2140350,1517925
19-03-2025 14:17,91.95,2149875,1521300
19-03-2025 14:17,92.9,2142450,1482750
19-03-2025 14:17,92.8,2093700,1455450
19-03-2025 14:17,93,2072250,1461075
19-03-2025 14:18,93.25,2068425,1474500
19-03-2025 14:18,94,2086350,1472700
19-03-2025 14:18,94.4,2090400,1478325
19-03-2025 14:18,93.85,2085750,1485450
19-03-2025 14:18,93.15,2056725,1503150
19-03-2025 14:18,93.95,2054850,1515375
19-03-2025 14:19,94.8,2048325,1509300
19-03-2025 14:19,94.8,2058975,1491300
19-03-2025 14:19,95.35,2064075,1467675
19-03-2025 14:19,95.05,2061375,1481550
19-03-2025 14:19,95.7,2078475,1483950
19-03-2025 14:19,96.1,2074200,1430025
19-03-2025 14:20,95.2,2068650,1444650
19-03-2025 14:20,94.75,2053200,1465350
19-03-2025 14:20,95.1,2036325,1465800
19-03-2025 14:20,94.15,2029350,1493325
19-03-2025 14:20,94.7,2005425,1491300
19-03-2025 14:20,94.95,2010525,1484700
19-03-2025 14:21,94.95,2022675,1485000
19-03-2025 14:21,93.65,2013300,1500750
19-03-2025 14:21,94.1,1991100,1511025
19-03-2025 14:21,95,2035200,1489650
19-03-2025 14:21,95.3,2002875,1462200
19-03-2025 14:21,94.85,2016075,1458300
19-03-2025 14:22,94.65,2002500,1470450
19-03-2025 14:22,94.65,2010150,1485525
19-03-2025 14:22,94.85,2023425,1485375
19-03-2025 14:22,95.35,2045475,1473900
19-03-2025 14:22,95.9,2030700,1420950
19-03-2025 14:22,96.9,2037675,1403625
19-03-2025 14:23,96.55,2043300,1403925
19-03-2025 14:23,97.75,2043975,1402575
19-03-2025 14:23,97.85,2039100,1320150
19-03-2025 14:23,98.25,2010150,1311975
19-03-2025 14:23,98,2013075,1330050
19-03-2025 14:23,98.55,2013375,1329300
19-03-2025 14:24,99,2014725,1321500
19-03-2025 14:24,99.85,2039400,1266525
19-03-2025 14:24,98.8,2002050,1215075
19-03-2025 14:24,97.8,1980075,1282050
19-03-2025 14:24,99.8,1950375,1280175
19-03-2025 14:24,99.25,1966200,1264200
19-03-2025 14:25,99,1964925,1284675
19-03-2025 14:25,99.5,1969500,1286625
19-03-2025 14:25,99.6,2000850,1267350
19-03-2025 14:25,100.3,1985925,1183200
19-03-2025 14:25,100.35,2008800,1193025
19-03-2025 14:25,97.35,2003625,1220625
19-03-2025 14:26,96.9,1890900,1242450
19-03-2025 14:26,97.85,1909050,1254450
19-03-2025 14:26,98.75,1970550,1254750
19-03-2025 14:26,98.95,1997325,1268175
19-03-2025 14:26,98.3,1996800,1289625
19-03-2025 14:26,98.4,1980450,1288275
19-03-2025 14:27,98.65,1986600,1291650
19-03-2025 14:27,97.35,1983225,1302150
19-03-2025 14:27,95.9,1964325,1324350
19-03-2025 14:27,98.25,1982175,1319700
19-03-2025 14:27,97.85,1996200,1305900
19-03-2025 14:27,97.85,1995150,1310850
19-03-2025 14:28,97.75,1986600,1321950
19-03-2025 14:28,98.25,1981275,1340325
19-03-2025 14:28,100.35,2023275,1305075
19-03-2025 14:28,100.5,2014725,1224825
19-03-2025 14:28,100.2,2031000,1239675
19-03-2025 14:28,99.6,2031825,1254825
19-03-2025 14:29,99.05,2021925,1270725
19-03-2025 14:29,100,1993125,1270725
19-03-2025 14:29,97.8,1976250,1290975
19-03-2025 14:29,98.5,1928400,1292550
19-03-2025 14:29,99.95,1922100,1310700
19-03-2025 14:29,99.55,1935375,1271325
19-03-2025 14:30,97.05,1929750,1305075
19-03-2025 14:30,95.4,1823250,1328175
19-03-2025 14:30,92.45,1739325,1329375
19-03-2025 14:30,93.15,1727625,1323375
19-03-2025 14:30,92.85,1834875,1340625
19-03-2025 14:30,92.25,1876875,1357800
19-03-2025 14:31,93.95,1884975,1365000
19-03-2025 14:31,93.8,1937700,1349325
19-03-2025 14:31,94,1920675,1370475
19-03-2025 14:31,95.4,1952850,1367100
19-03-2025 14:31,95.65,1990950,1346550
19-03-2025 14:31,94.95,2007000,1362600
19-03-2025 14:32,95.65,1978575,1379550
19-03-2025 14:32,96.1,2006775,1369650
19-03-2025 14:32,96.15,2019825,1372200
19-03-2025 14:32,96.3,2024550,1367175
19-03-2025 14:32,97.25,2028525,1356000
19-03-2025 14:32,99.55,2037225,1341600
19-03-2025 14:33,99.75,2014125,1288275
19-03-2025 14:33,100.35,1976025,1258800
19-03-2025 14:33,99.7,1968900,1277775
19-03-2025 14:33,99,2001075,1297425
19-03-2025 14:33,98.9,1946025,1302900
19-03-2025 14:33,97.5,1933350,1318725
19-03-2025 14:34,98,1907175,1328325
19-03-2025 14:34,97.85,1932300,1344075
19-03-2025 14:34,96.85,1920525,1358175
19-03-2025 14:34,98.55,1949775,1352775
19-03-2025 14:34,98.1,1961625,1351350
19-03-2025 14:34,98.7,1956825,1362750
19-03-2025 14:35,98.3,1973250,1355400
19-03-2025 14:35,97.6,1981650,1362225
19-03-2025 14:35,98.3,1987350,1359750
19-03-2025 14:35,98.85,1987875,1357650
19-03-2025 14:35,98.5,1977525,1354500
19-03-2025 14:35,102.1,1982400,1336725
19-03-2025 14:36,105.1,2002200,1149000
19-03-2025 14:36,103.45,1998375,1091625
19-03-2025 14:36,101.15,1932675,1131975
19-03-2025 14:36,99.7,1911675,1158750
19-03-2025 14:36,98.3,1878525,1153350
19-03-2025 14:36,96.25,1818225,1157550
19-03-2025 14:37,97.6,1836075,1168050
19-03-2025 14:37,98.2,1894950,1167150
19-03-2025 14:37,96.75,1889550,1200975
19-03-2025 14:37,98.25,1899525,1203750
19-03-2025 14:37,98.5,1934400,1210350
19-03-2025 14:37,97.5,1930650,1232325
19-03-2025 14:38,98.05,1918800,1239525
19-03-2025 14:38,98.7,1949475,1236750
19-03-2025 14:38,98.7,1957425,1235250
19-03-2025 14:38,98.1,1950525,1243575
19-03-2025 14:38,97,1957125,1268100
19-03-2025 14:38,97.7,1926225,1271400
19-03-2025 14:39,98.6,1968900,1264800
19-03-2025 14:39,98.65,1973625,1253175
19-03-2025 14:39,98.05,1980525,1252725
19-03-2025 14:39,99.2,1981125,1249350
19-03-2025 14:39,99.7,1985700,1230225
19-03-2025 14:39,100.55,1988400,1232400
19-03-2025 14:40,100.4,1987350,1228125
19-03-2025 14:40,100,1971375,1244250
19-03-2025 14:40,100.2,1962750,1250175
19-03-2025 14:40,100.85,1981200,1246950
19-03-2025 14:40,102.6,1986450,1221900
19-03-2025 14:40,103.3,1997700,1184250
19-03-2025 14:41,102.5,1984575,1182150
19-03-2025 14:41,103.1,1985550,1189575
19-03-2025 14:41,101.75,1986750,1211700
19-03-2025 14:41,102,1969875,1215150
19-03-2025 14:41,102.1,1960050,1239075
19-03-2025 14:41,101.9,1964325,1232475
19-03-2025 14:42,101,1956525,1246575
19-03-2025 14:42,100,1931325,1255650
19-03-2025 14:42,99.6,1906950,1258575
19-03-2025 14:42,98.85,1905000,1264050
19-03-2025 14:42,97.8,1889325,1265325
19-03-2025 14:42,99.7,1864200,1262475
19-03-2025 14:43,100.4,1896675,1245150
19-03-2025 14:43,99.95,1909875,1264200
19-03-2025 14:43,98.45,1899750,1280175
19-03-2025 14:43,98.7,1891950,1312200
19-03-2025 14:43,98.4,1901700,1326750
19-03-2025 14:43,98,1897575,1338525
19-03-2025 14:44,98.95,1891275,1335375
19-03-2025 14:44,99,1894875,1343625
19-03-2025 14:44,100.45,1909500,1344075
19-03-2025 14:44,101.15,1918575,1299375
19-03-2025 14:44,101.35,1918575,1296825
19-03-2025 14:44,99.5,1907025,1323375
19-03-2025 14:45,99,1876800,1327350
19-03-2025 14:45,98.95,1890825,1332450
19-03-2025 14:45,98.15,1878225,1349925
19-03-2025 14:45,96.15,1891425,1366575
19-03-2025 14:45,96.05,1812075,1369050
19-03-2025 14:45,97,1825275,1362825
19-03-2025 14:46,97.2,1853025,1376325
19-03-2025 14:46,95.65,1871775,1409550
19-03-2025 14:46,94.45,1807350,1419750
19-03-2025 14:46,95.6,1784250,1413900
19-03-2025 14:46,94.35,1807275,1398150
19-03-2025 14:46,94.3,1805100,1405650
19-03-2025 14:47,94.75,1825350,1411425
19-03-2025 14:47,96.25,1882275,1401975
19-03-2025 14:47,96.8,1894125,1366050
19-03-2025 14:47,97.3,1902150,1369875
19-03-2025 14:47,98.2,1913700,1339650
19-03-2025 14:47,99.05,1915125,1341375
19-03-2025 14:48,100.1,1923075,1318275
19-03-2025 14:48,100.75,1924950,1285275
19-03-2025 14:48,100.2,1945650,1285575
19-03-2025 14:48,100.8,1937700,1296150
19-03-2025 14:48,102.25,1944150,1285200
19-03-2025 14:48,102.3,1936500,1211850
19-03-2025 14:49,101.2,1926375,1226850
19-03-2025 14:49,101.1,1904775,1242825
19-03-2025 14:49,101.8,1906650,1247475
19-03-2025 14:49,102.1,1919850,1225275
19-03-2025 14:49,101.3,1917900,1233150
19-03-2025 14:49,100.2,1914900,1250175
19-03-2025 14:50,102.25,1891800,1236450
19-03-2025 14:50,101.35,1908975,1217550
19-03-2025 14:50,101.6,1897350,1226925
19-03-2025 14:50,102.05,1903800,1218525
19-03-2025 14:50,101.65,1898850,1224975
19-03-2025 14:50,102.3,1899150,1228425
19-03-2025 14:51,101.25,1906875,1238250
19-03-2025 14:51,101.25,1881750,1246725
19-03-2025 14:51,100.7,1882425,1255200
19-03-2025 14:51,101.05,1903950,1251375
19-03-2025 14:51,101.2,1910925,1254825
19-03-2025 14:51,101.4,1918200,1252050
19-03-2025 14:52,100.5,1900200,1218675
19-03-2025 14:52,99.2,1837425,1237650
19-03-2025 14:52,99.6,1865100,1252350
19-03-2025 14:52,101.7,1886250,1242150
19-03-2025 14:52,101.7,1883850,1230525
19-03-2025 14:52,99.65,1860525,1264425
19-03-2025 14:53,98.75,1849650,1269675
19-03-2025 14:53,97.95,1839375,1269675
19-03-2025 14:53,99.65,1834125,1271325
19-03-2025 14:53,101.1,1865775,1266225
19-03-2025 14:53,100.65,1871925,1262850
19-03-2025 14:53,99,1870725,1297425
19-03-2025 14:54,98.65,1864725,1288650
19-03-2025 14:54,98.05,1873050,1297950
19-03-2025 14:54,98.9,1884300,1301625
19-03-2025 14:54,99,1894275,1311150
19-03-2025 14:54,99.1,1901325,1307325
19-03-2025 14:54,97.95,1904700,1330425
19-03-2025 14:55,98.65,1841025,1320675
19-03-2025 14:55,99.1,1863600,1321875
19-03-2025 14:55,99,1884750,1312725
19-03-2025 14:55,97.9,1870875,1312575
19-03-2025 14:55,97.85,1843050,1315650
19-03-2025 14:55,99.5,1860300,1315725
19-03-2025 14:56,99.8,1875375,1292550
19-03-2025 14:56,101.5,1900050,1236600
19-03-2025 14:56,101.55,1922025,1222725
19-03-2025 14:56,101.7,1936725,1216200
19-03-2025 14:56,101,1930800,1215900
19-03-2025 14:56,100.8,1901175,1227825
19-03-2025 14:57,99.55,1904775,1241700
19-03-2025 14:57,99.7,1887075,1240050
19-03-2025 14:57,100.65,1913325,1247850
19-03-2025 14:57,100.3,1911525,1226850
19-03-2025 14:57,100.5,1905825,1225950
19-03-2025 14:57,101.2,1920900,1217025
19-03-2025 14:58,100.55,1925475,1223325
19-03-2025 14:58,100.8,1926975,1219275
19-03-2025 14:58,99.6,1943625,1225275
19-03-2025 14:58,99.2,1953750,1240125
19-03-2025 14:58,99.7,1929825,1250775
19-03-2025 14:58,99.5,1923150,1242450
19-03-2025 14:59,100.45,1932375,1244175
19-03-2025 14:59,101.25,1942200,1243875
19-03-2025 14:59,101.05,1941600,1212600
19-03-2025 14:59,101.15,1943175,1211925
19-03-2025 14:59,100.8,1947900,1208550
19-03-2025 14:59,100.5,1944450,1214400
19-03-2025 15:00,98.1,1957950,1193175
19-03-2025 15:00,97.15,1811400,1192125
19-03-2025 15:00,96.05,1749300,1196700
19-03-2025 15:00,97.25,1772325,1205400
19-03-2025 15:00,98.65,1823625,1192650
19-03-2025 15:00,97.9,1820475,1242075
19-03-2025 15:01,98.25,1827975,1250775
19-03-2025 15:01,96.85,1831275,1262925
19-03-2025 15:01,99.55,1830075,1269075
19-03-2025 15:01,99.25,1820925,1231350
19-03-2025 15:01,100.15,1819125,1232550
19-03-2025 15:01,99.6,1822275,1207725
19-03-2025 15:02,99.75,1818825,1221750
19-03-2025 15:02,101.25,1818675,1215825
19-03-2025 15:02,100.55,1829100,1154550
19-03-2025 15:02,99.25,1834125,1170225
19-03-2025 15:02,99.75,1797225,1182525
19-03-2025 15:02,98.15,1801350,1200825
19-03-2025 15:03,98.05,1782075,1213500
19-03-2025 15:03,97.95,1787100,1215975
19-03-2025 15:03,98.9,1826850,1206300
19-03-2025 15:03,100.2,1864725,1200750
19-03-2025 15:03,100.4,1863675,1179600
19-03-2025 15:03,99.3,1851450,1186950
19-03-2025 15:04,99.45,1832775,1194375
19-03-2025 15:04,99.2,1828350,1190175
19-03-2025 15:04,99.15,1826400,1188525
19-03-2025 15:04,98.4,1827825,1196775
19-03-2025 15:04,97.65,1807800,1227000
19-03-2025 15:04,96.75,1766475,1226400
19-03-2025 15:05,97,1743975,1223175
19-03-2025 15:05,94.9,1740075,1236450
19-03-2025 15:05,96.5,1645875,1228050
19-03-2025 15:05,97,1681725,1221375
19-03-2025 15:05,96.3,1682625,1242450
19-03-2025 15:05,95.5,1681200,1268325
19-03-2025 15:06,96.45,1698000,1260525
19-03-2025 15:06,94.9,1695000,1257375
19-03-2025 15:06,92.6,1624050,1263825
19-03-2025 15:06,93.3,1590975,1244700
19-03-2025 15:06,93.7,1607100,1242075
19-03-2025 15:06,94.9,1633950,1244775
19-03-2025 15:07,95.35,1671300,1229325
19-03-2025 15:07,94.15,1686000,1248225
19-03-2025 15:07,94.3,1662900,1243725
19-03-2025 15:07,94.4,1674750,1242600
19-03-2025 15:07,95,1683750,1248300
19-03-2025 15:07,95.4,1692000,1237800
19-03-2025 15:08,96.6,1695525,1188150
19-03-2025 15:08,96.75,1699650,1184850
19-03-2025 15:08,97.55,1688550,1181325
19-03-2025 15:08,97.2,1698525,1183350
19-03-2025 15:08,97.1,1686900,1186650
19-03-2025 15:08,97.9,1688025,1197300
19-03-2025 15:09,97.95,1703025,1174875
19-03-2025 15:09,97.7,1696500,1177425
19-03-2025 15:09,98.3,1721250,1156350
19-03-2025 15:09,99.3,1741950,1143750
19-03-2025 15:09,99.1,1719375,1098075
19-03-2025 15:09,101.1,1708050,1083900
19-03-2025 15:10,100.85,1726200,939975
19-03-2025 15:10,101,1682250,945075
19-03-2025 15:10,100.75,1664925,920475
19-03-2025 15:10,101,1670625,932175
19-03-2025 15:10,101.7,1696950,938175
19-03-2025 15:10,100.5,1691700,936525
19-03-2025 15:11,101,1678725,939000
19-03-2025 15:11,100.75,1658175,937725
19-03-2025 15:11,100.25,1628700,966225
19-03-2025 15:11,99.75,1590750,978225
19-03-2025 15:11,100.2,1599075,984300
19-03-2025 15:11,99.9,1590675,981075
19-03-2025 15:12,99.95,1589100,975525
19-03-2025 15:12,99.85,1603575,979200
19-03-2025 15:12,98.1,1584900,994800
19-03-2025 15:12,99.3,1541400,1011225
19-03-2025 15:12,100.25,1549575,995400
19-03-2025 15:12,100.9,1571325,965400
19-03-2025 15:13,100.15,1584600,978900
19-03-2025 15:13,101.35,1574100,982500
19-03-2025 15:13,100.75,1577325,937500
19-03-2025 15:13,100.2,1577325,948600
19-03-2025 15:13,100.55,1565250,962625
19-03-2025 15:13,100.35,1566675,972750
19-03-2025 15:14,100.1,1565625,968475
19-03-2025 15:14,99.7,1551600,972600
19-03-2025 15:14,100.2,1561500,974775
19-03-2025 15:14,99.85,1556400,978600
19-03-2025 15:14,100.45,1547550,983700
19-03-2025 15:14,100,1553550,976650
19-03-2025 15:15,99.6,1540725,969975
19-03-2025 15:15,98.75,1534125,978450
19-03-2025 15:15,98.8,1515075,996825
19-03-2025 15:15,98.35,1520625,988425
19-03-2025 15:15,97.4,1506525,987300
19-03-2025 15:15,97.9,1503000,980400
19-03-2025 15:16,97.9,1501200,970875
19-03-2025 15:16,97.6,1512375,968325
19-03-2025 15:16,97.05,1505400,976275
19-03-2025 15:16,97.3,1470975,978450
19-03-2025 15:16,98.25,1478475,971775
19-03-2025 15:16,97.7,1485900,984525
19-03-2025 15:17,98.55,1492350,986175
19-03-2025 15:17,98.6,1497150,981975
19-03-2025 15:17,98.55,1492425,966375
19-03-2025 15:17,98.25,1489575,964500
19-03-2025 15:17,98.1,1478775,966675
19-03-2025 15:17,97.15,1471275,963675
19-03-2025 15:18,95.7,1455975,972975
19-03-2025 15:18,95.6,1401150,971025
19-03-2025 15:18,94.9,1363425,963375
19-03-2025 15:18,96.3,1380150,954825
19-03-2025 15:18,97.1,1398225,941850
19-03-2025 15:18,96.4,1405275,933450
19-03-2025 15:19,96.15,1384350,950025
19-03-2025 15:19,96.85,1395600,943425
19-03-2025 15:19,97,1427850,932775
19-03-2025 15:19,96.8,1434750,939975
19-03-2025 15:19,96.45,1433700,955575
19-03-2025 15:19,97.4,1426200,937575
19-03-2025 15:20,97.45,1424250,942825
19-03-2025 15:20,97.8,1398525,934575
19-03-2025 15:20,98.35,1399950,925425
19-03-2025 15:20,98.3,1396500,888150
19-03-2025 15:20,96.95,1389900,905850
19-03-2025 15:20,97.5,1388700,915900
19-03-2025 15:21,97.9,1400100,902550
19-03-2025 15:21,98.15,1416675,891900
19-03-2025 15:21,97.95,1420125,889650
19-03-2025 15:21,97.9,1407150,889650
19-03-2025 15:21,98,1392000,886875
19-03-2025 15:21,97.9,1400775,887175
19-03-2025 15:22,97.7,1399950,888975
19-03-2025 15:22,97.7,1394250,882525
19-03-2025 15:22,97.4,1389750,891600
19-03-2025 15:22,97.15,1382850,914925
19-03-2025 15:22,97.3,1375725,911475
19-03-2025 15:22,96.6,1368825,926400
19-03-2025 15:23,97.55,1347450,919950
19-03-2025 15:23,97.7,1358475,909225
19-03-2025 15:23,98.35,1362675,912075
19-03-2025 15:23,98.5,1361700,831900
19-03-2025 15:23,97.85,1343400,840600
19-03-2025 15:23,98.05,1332300,847200
19-03-2025 15:24,97.9,1332150,832425
19-03-2025 15:24,97.7,1316775,838800
19-03-2025 15:24,98.35,1318650,839700
19-03-2025 15:24,99.1,1319250,806175
19-03-2025 15:24,99.8,1318725,709050
19-03-2025 15:24,101,1312725,668850
19-03-2025 15:25,99.55,1314225,618450
19-03-2025 15:25,99.2,1268775,634425
19-03-2025 15:25,99.05,1256550,643350
19-03-2025 15:25,99.65,1253175,650175
19-03-2025 15:25,100.25,1260675,644925
19-03-2025 15:25,99.85,1250775,655950
19-03-2025 15:26,99.9,1262925,650250
19-03-2025 15:26,99.85,1212525,631425
19-03-2025 15:26,99.8,1218750,635850
19-03-2025 15:26,99.65,1202250,623025
19-03-2025 15:26,99.2,1191750,628950
19-03-2025 15:26,99.35,1184100,635475
19-03-2025 15:27,99.65,1197675,623175
19-03-2025 15:27,100.15,1189275,606150
19-03-2025 15:27,100.15,1217625,593325
19-03-2025 15:27,100.2,1214175,589275
19-03-2025 15:27,100,1159275,638400
19-03-2025 15:27,99.95,1155000,638925
19-03-2025 15:28,99.05,1141650,639750
19-03-2025 15:28,99.35,1116375,642600
19-03-2025 15:28,99.1,1110675,579300
19-03-2025 15:28,98.85,1107600,578925
19-03-2025 15:28,98.8,1118550,577575
19-03-2025 15:28,99,1122225,575625
19-03-2025 15:29,99.15,1120125,548325
19-03-2025 15:29,98.1,1114650,528600
19-03-2025 15:29,96,1059375,519300
19-03-2025 15:29,95.6,505875,495375
19-03-2025 15:29,95.75,501600,461475
19-03-2025 15:29,93.95,466200,426675
