last_traded_time,ltp,bid_price,ask_price,n_bid_ask_diff,n_bid_ask_pr_diff,last_traded_qty,tot_buy_qty,tot_buy_sig,tot_sell_qty,tot_sell_sig,avg_trade_price,open_1,close_1,last_traded_time,ltp,bid_price,ask_price,ce_bid_ask_diff,ce_bid_ask_pr_diff,last_traded_qty,tot_buy_qty,tot_buy_sig,tot_sell_qty,tot_sell_sig,open_2,close_2,high,low,avg_trade_price,last_traded_time,ltp,bid_price,ask_price,pe_bid_ask_diff,pe_bid_ask_pr_diff,last_traded_qty,tot_buy_qty,tot_buy_sig,tot_sell_qty,tot_sell_sig,open_3,close_3,high,low,avg_trade_price
09-07-2025 09:15,-16.6,-13.6,-15.5,84525,-1140.3,33075,77850,N,11175,N,-12.34,25596.6,25580,09-07-2025 09:15,-13.8,-14.05,-14.25,512850,-73.75,47625,-1120875,N,779775,N,92.75,78.95,92.75,78.05,-13.04,09-07-2025 09:15,8.9,10.35,10.3,135075,-65.4,43350,542175,N,548700,N,63.9,72.8,75.8,63.4,6.48
09-07-2025 09:20,-4,-5.5,-5,5250,-1141.8,36750,28425,N,61125,YES,-6.52,25580,25576,09-07-2025 09:20,-6.6,-7.2,-7.15,67725,-73,50025,248100,Y,684300,N,80.05,73.45,86.2,71.3,-3.19,09-07-2025 09:20,-0.8,-0.15,-0.2,-9300,-69.8,47625,190725,N,330300,N,72.6,71.8,79.4,67.7,1.73
09-07-2025 09:25,-1.6,-5.6,-2.5,-2925,-1133.6,30825,32250,N,37050,N,-2.16,25576,25574.4,09-07-2025 09:25,-3.35,-3.55,-3.65,-42150,-77.25,66975,135225,N,473850,N,73.35,70,76.8,66.95,-2.67,09-07-2025 09:25,-0.15,0.25,0.25,-119775,-79.6,58350,45225,N,290475,N,71.65,71.5,75.95,68.4,0.24
09-07-2025 09:30,6.5,7,7.6,3000,-1271.4,36750,39150,N,-9000,Y,-1.16,25568.8,25575.3,09-07-2025 09:30,3.85,3.45,3.45,-80025,-73.5,62850,111900,N,147525,N,70.05,73.9,75.1,65,-1.73,09-07-2025 09:30,-5.35,-5.2,-5.3,92025,-81.45,59700,-227550,Y,346425,Y,71.95,66.6,75.05,65.75,-0.23
09-07-2025 09:35,5.7,5.4,0.9,11475,-891.6,31050,16125,N,21975,YES,0.21,25574.3,25580,09-07-2025 09:35,-0.45,-0.85,-0.85,305400,-87.95,67200,147225,Y,277275,YES,73.1,72.65,78.4,70.65,-0.39,09-07-2025 09:35,-1.9,-1.85,-1.85,227625,-75.6,66075,99375,YES,353175,N,67.35,65.45,67.9,62.5,-0.75
09-07-2025 09:40,-10,-10,-9.9,189525,-1105,38925,5775,N,2100,Y,-0.28,25580,25570,09-07-2025 09:40,-4.45,-4.65,-4.6,229050,-74.2,65700,-15150,YES,365175,YES,72.25,67.8,73.3,66,-0.7,09-07-2025 09:40,5.4,5.25,5.25,-173475,-72.05,61650,146175,YES,-188250,YES,65.45,70.85,71.4,64.8,-0.17
09-07-2025 09:45,7.8,4,6.8,15825,-941.7,31200,13950,N,2625,N,-0.24,25570,25577.8,09-07-2025 09:45,4.2,3.95,3.9,9225,-72.45,67200,118125,Y,22725,N,67.5,71.7,72.15,66.05,-0.56,09-07-2025 09:45,-4.65,-4.75,-4.75,269325,-73.7,65625,105225,N,178050,Y,71,66.35,72.75,65,-0.22
09-07-2025 09:50,2.2,5.8,4.1,130200,-1207.9,30600,5850,N,4350,N,0.24,25577.8,25580,09-07-2025 09:50,0.9,0.1,0.2,-347250,-81.45,74325,75450,N,-78375,Y,71.1,72,76,69.25,-0.2,09-07-2025 09:50,-1.35,-0.95,-0.9,184725,-73.45,71175,-80325,Y,57300,N,66.75,65.4,68,62.2,-0.35
09-07-2025 09:55,27.6,25.1,25,62700,-1440.2,45600,-54975,YES,16275,N,2.44,25580,25607.6,09-07-2025 09:55,14.3,14.55,14.65,-288150,-96.1,65250,471525,Y,-719100,Y,72,86.3,89.7,71.7,1.46,09-07-2025 09:55,-10,-10.15,-10.2,277125,-72.85,75150,-316650,Y,185625,Y,65.15,55.15,65.35,53.75,-1.36
09-07-2025 10:00,-7.1,-10.1,-8.6,90075,-1314.7,45375,12450,Y,3900,N,1.73,25605,25597.9,09-07-2025 10:00,-5.75,-5.7,-5.8,357600,-98,67425,-440625,YES,393150,YES,85.95,80.2,89.4,80,0.72,09-07-2025 10:00,2.7,2.85,2.9,355425,-68.05,83625,289650,YES,95250,N,55.25,57.95,58,53.9,-0.86
09-07-2025 10:05,7.1,10,9.7,88350,-1100.1,45900,-5775,YES,43200,YES,0.81,25597.9,25605,09-07-2025 10:05,5.95,5.65,5.7,-122475,-96.4,70950,314400,Y,-62325,Y,80.35,86.3,87.4,80.3,0.39,09-07-2025 10:05,-2.15,-2,-2,428250,-64.5,78825,122700,N,268575,Y,58.05,55.9,58.1,55,-0.44
09-07-2025 10:10,19.4,17,15.3,88425,-967.5,40875,-7650,YES,-3975,Y,2.91,25605,25624.4,09-07-2025 10:10,11.5,11.6,11.65,-89325,-105.7,68400,128250,N,-455250,Y,86.2,97.7,100.5,84.85,2.54,09-07-2025 10:10,-5.65,-5.6,-5.6,-91950,-62.85,79575,-241875,Y,69975,N,56,50.35,56.6,49.7,-1.52
09-07-2025 10:15,0.5,-0.2,0.8,39375,-1514.5,44325,11925,N,6750,N,2.88,25624.5,25625,09-07-2025 10:15,3.5,3.85,3.85,-148050,-108,63750,-13275,YES,41250,YES,97.7,101.2,104.9,92.8,1.83,09-07-2025 10:15,-2.95,-2.95,-3,-500475,-62.55,81375,-41775,YES,222900,Y,50.5,47.55,50.8,46.9,-1.28
09-07-2025 10:20,-3,-3,-1.4,-573225,-883.1,41550,2175,YES,15525,N,0.95,25625,25622,09-07-2025 10:20,-1.15,-1.4,-1.4,57525,-109.6,64800,-81000,YES,289350,YES,101.05,99.9,103.6,97.45,0.7,09-07-2025 10:20,0,0.05,0.1,-134250,-61.3,84375,237225,YES,106200,N,47.45,47.45,48.1,46.1,-0.51
09-07-2025 10:25,-4.7,-9,-7.3,173100,-927.6,43725,-10650,YES,-14400,Y,1.4,25622,25617.3,09-07-2025 10:25,-8.1,-8.45,-8.55,16050,-105.75,63375,-269025,YES,16200,N,100.25,92.15,104.65,91.4,0.77,09-07-2025 10:25,2.25,2.5,2.5,-191700,-58.1,78300,94875,N,-118425,YES,47.3,49.55,50,45.45,-0.77
09-07-2025 10:30,2.8,6.1,2.5,15225,-1387.2,34575,21975,Y,36750,YES,0.54,25613,25615.8,09-07-2025 10:30,4.45,4.35,4.3,-47850,-106.45,64200,281250,Y,89400,YES,91,95.45,97.25,90.6,0.39,09-07-2025 10:30,-1.25,-1.25,-1.25,-303600,-61.85,86775,-79200,Y,350550,Y,50,48.75,50.6,47.65,-0.54
09-07-2025 10:35,0,1.3,3.6,51150,-1052.5,37350,1200,YES,8925,N,0.34,25620,25620,09-07-2025 10:35,1.35,1.4,1.35,84900,-108.8,67950,131550,N,-3600,Y,95.35,96.7,98,93.4,0.27,09-07-2025 10:35,-0.15,-0.2,-0.2,-595875,-64.95,90225,-59550,N,76725,N,48.75,48.6,50,47.6,-0.26
09-07-2025 10:40,0.3,2,0.3,542850,-727.2,39525,-600,YES,-4200,Y,0.52,25623.6,25623.9,09-07-2025 10:40,1.9,1.7,1.7,35925,-112.75,67950,-88725,YES,29250,YES,96.45,98.35,98.8,94.3,0.26,09-07-2025 10:40,-0.15,-0.45,-0.45,-489750,-60.4,76200,-8325,YES,61350,N,48.65,48.5,50,47.7,-0.21
09-07-2025 10:45,1.1,3.7,3.1,28875,-1334.5,38100,-4200,YES,37725,YES,0.79,25623.9,25625,09-07-2025 10:45,0.05,-0.15,-0.1,-61200,-105.6,71175,-53625,Y,25725,N,98.4,98.45,101,91.6,0.41,09-07-2025 10:45,-0.9,-0.9,-0.9,-35850,-62.05,85350,-182100,Y,-163200,YES,48.3,47.4,50.6,46.2,-0.45
09-07-2025 10:50,-7.7,-3.7,-6.3,38100,-1093.3,29025,-225,N,16500,N,0.25,25628,25620.3,09-07-2025 10:50,-3.65,-3.9,-3.95,-106800,-100.45,63075,-24450,Y,218700,YES,98.45,94.8,99.6,94.2,0.2,09-07-2025 10:50,1.25,1.3,1.25,-700650,-57.75,85350,158925,YES,60075,Y,47.35,48.6,48.9,46.6,-0.23
09-07-2025 10:55,-4.3,-4,-2.3,-37950,-841.9,28575,-1050,YES,-9300,Y,0.25,25620.3,25616,09-07-2025 10:55,-2.05,-1.9,-1.9,460275,-100.75,71550,-79575,YES,117525,N,94.5,92.45,95.9,92.45,0.13,09-07-2025 10:55,0.5,0.55,0.55,-355800,-61.15,85275,11025,N,19500,N,48.75,49.25,49.5,47.4,-0.2
09-07-2025 11:00,3.3,2,-0.1,3750,-827.1,29025,5325,N,-23550,Y,0.33,25616,25619.3,09-07-2025 11:00,-1,-0.7,-0.7,243825,-107.3,71100,-120975,YES,15150,N,92.3,91.3,93.8,86.5,0.14,09-07-2025 11:00,-0.2,-0.25,-0.15,-386475,-71.05,103275,-12300,Y,7725,N,49.5,49.3,52.25,48.85,-0.4
09-07-2025 11:05,-4.2,-3,0.1,-102675,-1328.9,38250,6150,N,-11100,N,0.27,25619.2,25615,09-07-2025 11:05,-0.05,-0.05,0.05,40575,-105.5,72300,132675,Y,-29475,Y,91.2,91.15,95.6,90.25,0.14,09-07-2025 11:05,-0.05,-0.05,0,-20475,-63.9,102375,-31875,Y,51000,Y,49.3,49.25,50,47,-0.27
09-07-2025 11:10,14,12.8,9.7,-72225,-785.2,24900,-37425,YES,-6525,N,0.34,25615,25629,09-07-2025 11:10,8.55,8.65,8.65,-354525,-115,74250,216975,Y,-460275,Y,90.8,99.35,100,90.8,0.22,09-07-2025 11:10,-3.6,-3.45,-3.5,-204975,-67.55,100875,-251550,Y,38700,N,49.4,45.8,49.4,45.7,-0.28
09-07-2025 11:15,1.7,3.4,6,-89325,-896.9,28500,-14025,Y,-18750,Y,2.29,25629,25630.7,09-07-2025 11:15,2.4,2.85,2.75,-136950,-122,68775,-111150,YES,-178725,YES,99.1,101.5,110.45,99,0.97,09-07-2025 11:15,-1.85,-2,-1.95,154650,-62.3,89100,-141300,YES,-82050,YES,45.95,44.1,45.95,40,-0.81
09-07-2025 11:20,-0.8,0.5,-0.8,-44175,-1042.5,24075,2850,N,11250,YES,0.55,25635,25634.2,09-07-2025 11:20,1.4,1.45,1.4,-312975,-119.2,68100,185475,Y,30375,YES,101.5,102.9,104,99,0.23,09-07-2025 11:20,-0.9,-0.85,-0.9,44025,-59.95,107625,30000,YES,130725,Y,44,43.1,44.4,43,-0.22
09-07-2025 11:25,6.6,6.5,6.9,-51600,-995.7,23775,-16875,YES,10200,N,0.66,25634.2,25640.8,09-07-2025 11:25,0.9,1.35,1.35,-93375,-128.45,72075,-129600,YES,-51825,Y,103.3,104.2,107.4,101.65,0.37,09-07-2025 11:25,-1.8,-1.95,-1.95,81750,-59.6,105750,29775,N,-46725,YES,43.2,41.4,43.85,40.6,-0.33
09-07-2025 11:30,-5.4,-1.7,-2.9,-51675,-671.4,26100,5025,Y,3225,N,0.68,25640.8,25635.4,09-07-2025 11:30,1.4,1.6,1.6,-150450,-125.1,72000,11100,Y,48150,YES,104.2,105.6,109.1,102.05,0.39,09-07-2025 11:30,-0.5,-0.45,-0.5,131400,-56.7,97575,8175,N,278550,Y,41.5,41,41.75,39.25,-0.38
09-07-2025 11:35,-10,-5.3,-5.6,-55875,-720.1,21225,2925,YES,4575,N,0.35,25638,25628,09-07-2025 11:35,-5.55,-5.4,-5.4,176100,-124.25,69600,-190275,YES,101025,YES,105.8,100.25,106.3,100.15,0.19,09-07-2025 11:35,1.3,1.45,1.4,-1016850,-58.45,105375,107325,YES,-95475,YES,41.1,42.4,42.8,41,-0.22
09-07-2025 11:40,-2.8,-5.4,-5,-70650,-925.1,33000,-6675,YES,12750,N,0.49,25628,25625.2,09-07-2025 11:40,-1.7,-1.5,-1.65,-2850,-118.35,70725,-57000,Y,24300,N,100.35,98.65,102.55,96.4,0.17,09-07-2025 11:40,1.2,1.1,1.2,-506775,-64.8,97575,11025,N,44925,Y,42.45,43.65,44.1,41.8,-0.29
09-07-2025 11:45,-0.2,-3.2,-1.3,18525,-883.4,30300,-2925,N,1350,Y,0.73,25625.2,25625,09-07-2025 11:45,-2.3,-2.35,-2.45,660150,-105.45,75750,242325,Y,103650,YES,98.6,96.3,100.5,95.75,0.12,09-07-2025 11:45,0.45,0.55,0.55,28575,-56.6,95700,-38400,Y,65175,Y,43.55,44,44.8,42.6,-0.25
09-07-2025 11:50,-12.7,-10,-12.8,320475,-1036.3,33975,-675,N,-11475,Y,0.41,25626.7,25614,09-07-2025 11:50,-6.25,-6.35,-6.3,189450,-101.95,73200,-482925,YES,40350,N,96.5,90.25,96.75,85,0.08,09-07-2025 11:50,4.1,4.15,4.15,-777300,-69.5,101025,46500,YES,-441600,YES,44.15,48.25,51,44,-0.52
09-07-2025 11:55,3.3,2.5,3.3,-96600,-963.4,27075,12975,N,9675,YES,0.14,25614,25617.3,09-07-2025 11:55,0.9,1.05,1.1,-227025,-103.8,68925,154950,Y,247275,YES,90.1,91,93.75,89.35,0.06,09-07-2025 11:55,-0.35,-0.4,-0.4,-227325,-63.4,101100,58425,N,192225,Y,48.15,47.8,48.8,45.65,-0.26
09-07-2025 12:00,-4.3,-2.1,-4.2,-86550,-518.3,25050,12375,N,1200,Y,0.15,25617.3,25613,09-07-2025 12:00,1.25,1,1,44175,-98.65,71700,103050,N,-37875,Y,91,92.25,92.5,88,0.03,09-07-2025 12:00,0.15,-0.05,-0.05,-326175,-68.25,99525,35625,N,34350,N,47.85,48,49.45,46.75,-0.18
09-07-2025 12:05,14.4,9.5,14.3,23700,-715.6,43275,-32700,YES,-3300,Y,0.55,25612.9,25627.3,09-07-2025 12:05,5.05,5.6,5.6,-600600,-106.6,73875,213750,Y,-258975,Y,92.2,97.25,98.5,90.4,0.11,09-07-2025 12:05,-4.65,-5,-4.95,-243600,-66.4,97800,-314550,Y,-34575,YES,48.15,43.5,48.7,42.8,-0.29
09-07-2025 12:10,0.7,6.3,1.7,-57000,-844.8,23400,-6975,Y,42300,YES,0.15,25627.3,25628,09-07-2025 12:10,2.2,2.5,2.5,-362475,-112.2,76425,79425,N,60975,YES,97.4,99.6,99.95,96.45,0.19,09-07-2025 12:10,-1.8,-1.95,-1.95,254850,-63.65,109350,192450,YES,177825,Y,43.45,41.65,44.2,41.45,-0.24
09-07-2025 12:15,0,-3.1,-0.8,-14175,-944.6,28200,-1725,N,5775,N,0.28,25629,25629,09-07-2025 12:15,0.3,0.25,0.25,-138450,-114.45,73350,-54675,YES,19725,N,99.25,99.55,100.95,97.2,0.16,09-07-2025 12:15,0.8,0.85,0.85,402225,-59.95,95250,222600,YES,30900,N,41.7,42.5,43.15,40.8,-0.2
09-07-2025 12:20,-1.8,1.1,-1.8,-12225,-613.7,35400,1500,N,-3450,Y,0.26,25629,25627.2,09-07-2025 12:20,-0.6,-0.7,-0.6,-146175,-120.45,88650,-92475,YES,122175,YES,99.55,98.95,100.85,94.95,0.12,09-07-2025 12:20,-0.35,-0.35,-0.35,590325,-61,106800,-77025,Y,71700,Y,42.55,42.2,43.5,41.05,-0.2
09-07-2025 12:25,3.1,3.1,5.5,69225,-915.1,34425,1350,YES,-1200,N,0.21,25627.2,25630.3,09-07-2025 12:25,2.4,2,2,34500,-123.9,79125,44175,Y,-197775,Y,99.1,101.5,102.55,97.55,0.17,09-07-2025 12:25,-0.8,-0.7,-0.7,238575,-55.4,101025,33825,YES,2700,YES,42.1,41.3,42.35,40.65,-0.18
09-07-2025 12:30,-0.1,-3.7,-2.7,38400,-860.4,30525,3900,N,3975,N,0.19,25630.1,25630,09-07-2025 12:30,-2.05,-2.15,-2.3,165825,-111,69525,-124500,YES,142950,YES,101.5,99.45,103.5,97.3,0.14,09-07-2025 12:30,0.9,0.85,0.8,112425,-54.9,108825,70725,YES,33450,Y,41.25,42.15,42.55,40.55,-0.15
09-07-2025 12:35,2,4.8,2,46875,-1131.4,37950,4350,N,-4725,Y,0.15,25630,25632,09-07-2025 12:35,4.45,4.75,4.9,-34350,-116.05,75825,65025,Y,-180525,Y,99.65,104.1,104.75,99.1,0.12,09-07-2025 12:35,-0.4,-0.55,-0.55,-441225,-55.25,99000,-46875,Y,-25875,YES,42.05,41.65,42.3,40.8,-0.1
09-07-2025 12:40,-13.5,-13.3,-8.9,-20625,-1086.9,33150,-7875,YES,-5175,Y,0.24,25632,25618.5,09-07-2025 12:40,-8.65,-8.55,-8.45,-32475,-119.25,76575,-210825,YES,65700,YES,104.55,95.9,106.6,95.65,0.22,09-07-2025 12:40,3.8,3.8,3.9,-816525,-56.4,98925,105300,YES,-460800,YES,41.55,45.35,45.45,40.8,-0.24
09-07-2025 12:45,9.5,4.1,3.9,5625,-864.1,55500,-19125,YES,-1275,N,0.7,25618.5,25628,09-07-2025 12:45,2.3,2.3,2.35,-60600,-108.3,74700,255225,Y,-25575,Y,96.05,98.35,99.35,91.95,0.1,09-07-2025 12:45,-2.3,-2.5,-2.5,-385275,-66.65,105900,-267225,Y,115650,Y,45.35,43.05,47.95,42.2,-0.28
09-07-2025 12:50,-5.9,-0.3,-1.6,-1050,-1497.3,31950,-4050,N,8775,N,0.07,25628,25622.1,09-07-2025 12:50,-0.85,-0.9,-0.95,357300,-113.9,77700,-76950,YES,132000,YES,98.15,97.3,99.45,96,0.07,09-07-2025 12:50,-0.45,-0.3,-0.35,309300,-57.05,109425,134325,YES,58500,N,43.25,42.8,43.7,41.95,-0.13
09-07-2025 12:55,-4.1,-4,-3.6,-21150,-1086.3,31875,-17775,YES,-7650,Y,0.15,25622.1,25618,09-07-2025 12:55,-2.9,-2.65,-2.65,11925,-106.15,76200,54450,Y,116625,N,97.5,94.6,97.5,94.55,0.04,09-07-2025 12:55,1.6,1.6,1.5,-139350,-63,104100,68175,N,26550,N,42.85,44.45,44.7,42.5,-0.1
09-07-2025 13:00,-22,-22,-24.3,168000,-1392.7,35250,-56100,YES,-49575,Y,-0.06,25618,25596,09-07-2025 13:00,-11.9,-11.65,-11.65,173400,-105.45,75975,-776775,YES,21900,N,94.5,82.6,95.9,81.35,0,09-07-2025 13:00,12.6,12.25,12.25,-613350,-68.65,117675,187950,YES,-1139325,YES,44.35,56.95,59.2,44.25,-0.17
09-07-2025 13:05,8.6,7.2,10,-52575,-1458.8,36675,107100,Y,24450,YES,-0.04,25598.4,25607,09-07-2025 13:05,3.55,4.1,4.15,-103575,-107.8,78300,438150,Y,196350,YES,82.9,86.45,89.45,82.1,-0.06,09-07-2025 13:05,-4.7,-4.85,-4.8,-112800,-77.6,100725,-165525,Y,465075,Y,56.85,52.15,57.3,48.8,-0.11
09-07-2025 13:10,8.8,12.8,12.4,-29775,-1264.2,31575,7950,N,-3375,Y,0.12,25607,25615.8,09-07-2025 13:10,6.3,6.75,6.7,-128250,-111,84600,201075,N,-57000,Y,86.7,93,94.4,85.8,0.03,09-07-2025 13:10,-6.85,-7.05,-7,-212400,-69.5,99900,-133125,YES,82875,N,52.25,45.4,52.4,44.7,-0.16
09-07-2025 13:15,5.6,0.5,2,113025,-1286.8,47775,19425,N,-8100,Y,0.14,25614.4,25620,09-07-2025 13:15,0.3,0.2,0.15,-250725,-105.3,73500,-2700,YES,78825,YES,92.95,93.25,94.75,91,0.04,09-07-2025 13:15,-0.05,-0.1,-0.1,96900,-63.35,108750,162375,YES,103575,Y,45.45,45.4,46,43.4,-0.13
09-07-2025 13:20,4.9,10.1,6,-37125,-952.9,37350,5400,N,1800,N,0.86,25620,25624.9,09-07-2025 13:20,2,1.9,1.85,7350,-104.55,79050,-20625,YES,-73800,Y,93.35,95.35,96.85,92.4,0.07,09-07-2025 13:20,-0.9,-0.85,-0.9,120975,-63.9,117375,47850,N,66825,N,45.2,44.3,46,43.05,-0.12
09-07-2025 13:25,-5.3,-5.6,-6,-52875,-707.7,39000,1275,YES,-4500,Y,0.34,25626,25620.7,09-07-2025 13:25,-0.65,-0.75,-0.8,-186075,-104.35,76950,-10425,N,12675,YES,95.4,94.75,96.8,91.35,0.04,09-07-2025 13:25,-0.3,-0.1,-0.2,597600,-58.5,97575,123225,YES,33000,N,44.25,43.95,46.2,43.3,-0.08
09-07-2025 13:30,-2.5,-2.1,0,-11625,-847.2,30375,-5100,YES,5250,N,0.02,25620,25617.5,09-07-2025 13:30,-1.2,-1.15,-1.05,104325,-98.7,74700,68175,Y,90600,YES,94.65,93.45,95.5,92.55,0.02,09-07-2025 13:30,0.6,0.6,0.6,453900,-61.8,103350,-21150,Y,76650,Y,43.95,44.55,45.4,43.7,-0.06
09-07-2025 13:35,1.9,-2.3,-0.6,20850,-1015.1,27075,2550,N,2475,Y,0.02,25617.5,25619.4,09-07-2025 13:35,-2.7,-2.8,-2.75,-164925,-105.55,75150,-92475,YES,71475,N,93.3,90.6,93.65,88.1,0.01,09-07-2025 13:35,1.25,1.3,1.3,-247875,-64.7,114675,-125475,Y,33225,N,44.65,45.9,47.3,44.45,-0.1
09-07-2025 13:40,-5.3,-0.9,-5.1,7200,-804.2,24450,9375,N,-2325,Y,0.03,25619.4,25614.1,09-07-2025 13:40,0.5,0.6,0.65,515325,-95.85,73575,63450,Y,53925,N,90.4,90.9,92.6,88.5,0.01,09-07-2025 13:40,-0.35,-0.65,-0.6,-451950,-57.5,98025,30750,YES,90975,Y,46,45.65,46.9,44.2,-0.07
09-07-2025 13:45,5.2,-0.1,4.1,-11775,-738.8,21825,-1575,YES,28275,YES,0.04,25614.3,25619.5,09-07-2025 13:45,-1.05,-1.05,-1,-157725,-93.55,75150,34650,N,54225,N,90.65,89.6,92.9,89.5,0,09-07-2025 13:45,0.6,0.5,0.5,567150,-60.5,99375,-47550,Y,7125,N,45.75,46.35,46.45,44.5,-0.07
09-07-2025 13:50,0,-1,-1.2,-123675,-793.9,30150,21000,Y,-6450,Y,0.03,25614,25614,09-07-2025 13:50,-0.8,-0.6,-0.65,100350,-99.4,76950,-51825,YES,-31725,Y,89.75,88.95,91.5,88.25,0,09-07-2025 13:50,0.25,0.5,0.45,-225675,-62.15,104775,71250,YES,162825,Y,46.5,46.75,48.4,45,-0.11
09-07-2025 13:55,4.3,5.3,9.9,-59700,-1195.4,26700,-9300,YES,-32250,Y,0.17,25614,25618.3,09-07-2025 13:55,4.5,4.5,4.5,-180675,-101.25,79650,72225,Y,-182025,Y,89.05,93.55,94.9,88.75,0.03,09-07-2025 13:55,-3.05,-3.15,-3.2,383700,-66,103800,-199275,Y,156975,N,46.75,43.7,47.4,42.1,-0.13
09-07-2025 14:00,-1.4,-3.3,-5,1129875,-885.1,26325,6375,N,4800,YES,0.07,25618.3,25616.9,09-07-2025 14:00,-4.05,-3.85,-3.9,172950,-105.1,79725,-35250,YES,32025,YES,93.8,89.75,95.7,88.7,0.02,09-07-2025 14:00,1.8,1.45,1.4,65175,-56.4,113700,72825,YES,-17250,YES,43.45,45.25,45.55,42.5,-0.1
09-07-2025 14:05,-4,-4,-4.6,463125,-585.1,33900,-8100,YES,-35250,Y,0.07,25615,25611,09-07-2025 14:05,-1.95,-1.8,-1.75,42075,-95.05,73575,-100050,YES,31425,N,89.95,88,91,86.95,-0.01,09-07-2025 14:05,1.75,1.6,1.6,-556200,-58.35,94725,-95625,Y,-137400,YES,45.05,46.8,48.15,44.85,-0.09
09-07-2025 14:10,7,7,7.5,115800,-746.2,32625,-7650,N,-1950,YES,0.02,25611,25618,09-07-2025 14:10,3.2,3.05,3.05,167775,-99.15,86925,132825,Y,-39075,Y,88.1,91.3,91.4,87.2,-0.01,09-07-2025 14:10,-1.55,-1.5,-1.55,-260175,-65.2,102450,79125,YES,117525,Y,46.6,45.05,47.75,44.45,-0.07
09-07-2025 14:15,-9.3,-12.3,-11.1,-225,-1311.6,33375,-28200,YES,5100,N,-0.02,25618,25608.7,09-07-2025 14:15,-7.95,-8.05,-8.1,240450,-102.95,78450,-214350,YES,95925,YES,91.4,83.45,95.2,77.8,-0.13,09-07-2025 14:15,4,4,4.05,587175,-74.4,106425,-115425,Y,-469500,YES,45,49,54.65,42.5,-0.14
09-07-2025 14:20,-14.7,-12.7,-16.1,68550,-963.5,44400,-99525,YES,-13425,Y,-0.05,25608.7,25594,09-07-2025 14:20,-8.3,-8.35,-8.3,-34200,-100.8,81300,-521775,YES,158700,YES,83.25,74.95,85.95,74.95,-0.13,09-07-2025 14:20,5.95,6.05,6,42450,-71.1,108150,165675,YES,-426300,Y,49.25,55.2,55.2,47.35,-0.06
09-07-2025 14:25,-7.8,-6.1,-6.1,129000,-1072.1,52725,-13200,Y,-975,N,-0.86,25588,25580.2,09-07-2025 14:25,-4.8,-4.95,-4.85,-146550,-92.2,79650,215550,Y,148575,N,74.35,69.55,79.95,67.4,-0.58,09-07-2025 14:25,6.4,6.45,6.4,179550,-80.85,95850,64125,N,-300750,Y,55.7,62.1,64.5,51.3,0.32
09-07-2025 14:30,-36.9,-35.7,-39.2,-165300,-1142.4,55275,-47025,YES,-6600,Y,-6.63,25577,25540.1,09-07-2025 14:30,-11,-11.85,-11.9,210225,-75.5,79125,-360150,YES,216750,YES,70,59,70,58.05,-1.06,09-07-2025 14:30,22,24.15,24.2,-79725,-89.3,85125,184275,YES,-1526250,YES,61.4,83.4,85.8,61.4,1.34
09-07-2025 14:35,31.2,25,26.1,-377850,-1049,45450,53925,Y,-2475,N,-1.76,25540,25571.2,09-07-2025 14:35,6.7,6.9,6.95,25050,-73,73950,620025,Y,24750,N,59.3,66,69,58.55,-0.79,09-07-2025 14:35,-15.85,-16.55,-16.65,-147750,-89.25,71025,-353325,Y,627225,Y,83.1,67.25,84.35,63.9,0.74
09-07-2025 14:40,-7.9,-6.1,-8.2,-27375,-1039.3,50400,33525,N,12750,N,-0.65,25565,25557.1,09-07-2025 14:40,-3.25,-3,-3,381150,-70.35,65325,-64125,YES,205500,YES,66,62.75,67.9,59.45,-0.54,09-07-2025 14:40,3.2,2.75,2.75,179400,-79.85,67125,36825,YES,121950,N,67.25,70.45,75.6,65.3,0.4
09-07-2025 14:45,-10,-9.8,-11,32775,-1413.2,52425,-10275,YES,12225,N,-1.47,25557,25547,09-07-2025 14:45,-3.65,-3.95,-3.95,187350,-65.75,70125,51225,Y,66750,N,63.2,59.55,63.25,56.4,-0.53,09-07-2025 14:45,4.9,5.55,5.6,-78300,-87.5,59325,-12675,Y,11175,N,70.05,74.95,78.2,69.85,0.47
09-07-2025 14:50,-0.6,-0.6,0.9,-132000,-1094.5,61350,-19125,YES,-34125,Y,-4.11,25545.6,25545,09-07-2025 14:50,-2.05,-2.25,-2.25,-20325,-66.9,73050,-348375,YES,-131400,Y,59.5,57.45,61.95,51.15,-0.79,09-07-2025 14:50,0.65,0.9,0.9,-26475,-94.6,64800,-280725,Y,-538875,YES,75.25,75.9,89.65,71.6,0.89
09-07-2025 14:55,7.8,8.9,9.5,8025,-1374.7,53475,53100,Y,-45375,Y,-0.97,25547.9,25555.7,09-07-2025 14:55,5.6,4.15,4.15,-842775,-73.05,76200,147525,Y,-67650,YES,57.05,62.65,62.65,55.8,-0.45,09-07-2025 14:55,-8.1,-6.05,-6,45225,-90.2,68325,104175,YES,217425,Y,76.8,68.7,81.1,68.1,0.29
09-07-2025 15:00,3.2,-0.1,1.6,-38250,-1153.3,51300,58425,N,34050,YES,-0.67,25553.5,25556.7,09-07-2025 15:00,-0.55,-0.7,-0.7,-113175,-85.25,75750,-2550,YES,170325,YES,62.55,62,68.4,60.4,-0.65,09-07-2025 15:00,-0.85,-0.85,-0.85,42975,-82.25,78300,100950,N,62250,N,68.65,67.8,68.9,60.7,0.18
09-07-2025 15:05,-1.7,0,-4,-207375,-1169.2,45375,-6675,YES,9900,N,-0.35,25556.7,25555,09-07-2025 15:05,-0.9,-1.55,-1.55,-289950,-70.7,73500,-340725,YES,97125,N,62.5,61.6,65.9,58.85,-0.38,09-07-2025 15:05,1.75,2.25,2.25,-167775,-73,74175,-64800,Y,-145725,YES,67.35,69.1,71.1,63.05,0.12
09-07-2025 15:10,8.4,5.4,6.4,143550,-1038.1,39675,10500,N,-39750,Y,-0.34,25555,25563.4,09-07-2025 15:10,1.5,0.7,0.65,-363075,-65.1,78225,59550,Y,38400,N,61.9,63.4,64.5,61.4,-0.29,09-07-2025 15:10,-2.3,-1.65,-1.55,-136800,-71.4,69600,-101925,Y,24225,Y,68.85,66.55,68.85,65.2,0.09
09-07-2025 15:15,-7.4,-9.4,-9.5,-56400,-1571.4,43050,-12000,YES,34500,YES,-0.63,25563.4,25556,09-07-2025 15:15,-4.15,-4.3,-4.25,-778050,-61.3,76800,-91425,YES,-152175,Y,63,58.85,64.55,56.6,-0.36,09-07-2025 15:15,3.95,3.95,3.9,-148350,-73.85,76500,-65025,YES,-85800,YES,66.9,70.85,72.15,64.15,0.15
09-07-2025 15:20,5.6,6.7,4,-78150,-2043.3,44325,-125325,YES,-17325,Y,-0.53,25556,25561.6,09-07-2025 15:20,2.85,2.45,2.5,-394575,-65.85,78375,-191850,YES,-402750,Y,59.3,62.15,63.65,59.3,-0.28,09-07-2025 15:20,-5.55,-5.6,-5.6,-534075,-70.5,70875,-233475,Y,-15675,Y,71.15,65.6,71.15,63.2,0.09
09-07-2025 15:25,-12,-11.3,-12.3,-98550,-2066.6,46575,-85425,Y,-91350,Y,-1.13,25562,25550,09-07-2025 15:25,-7.35,-7.65,-7.5,78825,-80.95,68475,-1347375,YES,-640725,Y,62.25,54.9,62.6,53.8,-0.42,09-07-2025 15:25,1.4,1.15,1.2,-944775,-79,77625,-1542900,Y,-593175,YES,65.55,66.95,66.95,60.95,0.08
