last_traded_time,ltp,bid_price,ask_price,n_bid_ask_diff,n_bid_ask_pr_diff,last_traded_qty,tot_buy_qty,tot_buy_sig,tot_sell_qty,tot_sell_sig,avg_trade_price,Open_NSE:NIFTY50-INDEX,Close_9,ltp,bid_price,ask_price,ce_bid_ask_diff,ce_bid_ask_pr_diff,last_traded_qty,tot_buy_qty,tot_buy_sig,tot_sell_qty,tot_sell_sig,avg_trade_price,ltp,bid_price,ask_price,pe_bid_ask_diff,pe_bid_ask_pr_diff,last_traded_qty,tot_buy_qty,tot_buy_sig,tot_sell_qty,tot_sell_sig,avg_trade_price,ltp,bid_price,ask_price,n_bid_ask_diff,n_bid_ask_pr_diff,last_traded_qty,tot_buy_qty,tot_buy_sig,tot_sell_qty,tot_sell_sig,avg_trade_price,Open_NSE:NIFTY50-INDEX,Close_9
03-04-2025 09:15,23,29.7,24.05,52425,-701.05,35700,-34050,N,8325,N,4.49,23298.25,23321.25,-2.8,-2.6,-2.7,-42375,-57.7,40875,7069725,N,545175,N,-2.33,-10.35,-10.7,-10.7,154575,-45.4,32400,5001450,N,1022100,N,-7.54,68.4,64.7,74.9,-36960,-3323.35,14010,19680,N,5550,N,2.47,51295.3,51363.7
03-04-2025 09:20,19.85,15.6,18.7,81750,-608.5,40200,-129900,YES,8550,N,12.75,23319,23338.85,11.9,12.55,12.55,6600,-72.5,41400,18654750,Y,99450,N,8.08,-10.5,-10,-10,163800,-54.8,47400,12968850,YES,738225,N,-7.15,17.25,21.55,23.7,11070,-2905.55,15000,-5310,YES,2430,Y,34.7,51374,51391.25
03-04-2025 09:25,8.25,8.65,11.05,4125,-929,38775,12150,Y,300,Y,4,23335.55,23343.8,2.45,3.45,3.45,-36825,-71.4,41475,263925,N,213225,YES,2.57,-9.5,-9.5,-9.5,295950,-47.1,54225,1929150,N,1095075,Y,-4.83,96.85,103.7,104.45,83010,-2895.6,13170,7320,N,360,Y,28.57,51393.15,51490
03-04-2025 09:30,19.35,17.05,14.65,-8025,-1110,38100,-36675,YES,-20025,Y,2.92,23341.95,23361.3,9.65,9.5,9.55,14100,-72.15,43125,-18750,YES,-274200,Y,1.02,-9.75,-9.55,-9.55,407625,-48,54975,986100,N,696000,N,-4.45,62.55,60,57.7,-930,-2670.95,11310,4230,N,-4080,Y,21.12,51490,51552.55
03-04-2025 09:35,-11.85,-6.8,-11.7,45225,-961,35925,15975,Y,6375,YES,3.89,23366,23354.15,-8.2,-7.45,-7.4,22725,-73.2,43050,327525,Y,341550,YES,1.55,-0.3,0.1,0.1,197025,-37.3,71175,974700,N,745350,Y,-3.42,23.45,23.15,22.2,-4470,-2699.3,12450,-7050,YES,14190,N,28.23,51559.4,51582.85
03-04-2025 09:40,-18.8,-21.05,-18.95,43425,-710.25,32250,-18450,YES,62700,YES,2.23,23354.15,23335.35,-14.9,-13.2,-13.35,27375,-69.3,40875,-141150,YES,330075,N,-0.23,2.7,3.5,3.5,159675,-35.35,83700,718050,N,203700,N,-1.96,-40.3,-27.9,-33.25,-49320,-3026.05,13050,-19980,YES,7890,N,19.21,51585,51544.7
03-04-2025 09:45,-6.5,-5.8,-0.4,24450,-953.05,30450,7725,Y,12600,N,-0.14,23335.35,23328.85,-4.6,-4.05,-4.05,80775,-58.95,49275,285375,Y,190200,N,-1.78,-1.75,-2,-1.95,514425,-38.45,80700,160425,N,156600,N,-1.57,37.4,39,38.35,22260,-2481.05,14280,9660,Y,8610,N,7.07,51531.6,51569
03-04-2025 09:50,17.1,15.5,8.85,-21150,-805.8,30525,25350,N,1425,Y,0.29,23327.8,23344.9,11.35,10.55,10.6,43500,-64.65,51375,255300,N,-23475,Y,-0.54,-6.5,-6.3,-6.35,796800,-33.65,86925,-154800,Y,817800,Y,-1.61,-12.6,-7.3,-7.15,-2880,-2313.7,10950,11970,N,-13590,Y,5.43,51566.6,51554
03-04-2025 09:55,-12.55,-11.7,-8.65,8100,-751.45,27450,13800,N,1725,N,0.27,23342.65,23330.1,-7.2,-7.5,-7.55,46200,-62.45,48900,87000,N,148200,YES,-0.33,2.2,2.55,2.5,375600,-33.2,80475,522750,YES,165900,N,-0.95,-64,-73.05,-74.7,3240,-2020.5,12030,-2580,YES,-7440,N,3.45,51554,51490
03-04-2025 10:00,11.65,11.3,11,86925,-696.25,28950,34875,Y,11325,N,0.14,23334,23345.65,7.7,7.5,7.45,18600,-58.05,50850,-157875,YES,-187125,Y,-0.68,-4.2,-3.95,-4,-68475,-34.45,87375,-607575,Y,677700,Y,-1.39,79.1,86,85,-1230,-2429.9,11370,10620,N,-6390,N,2.23,51490,51569.1
03-04-2025 10:05,18.5,13.1,13.9,8025,-922,27600,10200,N,-19050,Y,1.07,23341.1,23359.6,6.55,5.5,5.6,24225,-75.5,47550,-282600,YES,-180375,N,0.52,-3.4,-3.2,-3.2,501000,-29.05,108225,-152325,YES,163125,N,-1.5,107.5,107.3,116.95,-32790,-1795.65,12450,7080,N,-9690,Y,14.17,51571,51678.5
03-04-2025 10:10,15.4,17.1,18.4,49875,-1043.5,25950,-15900,YES,2325,YES,1.59,23359.6,23375,18.4,16.95,16.95,6975,-71.9,44025,-102975,Y,-461475,Y,0.9,-1.6,-1.45,-1.45,610275,-25.5,89775,-127350,YES,150225,N,-0.89,-12.4,-25.2,-25.95,-5340,-3307.9,11790,11670,N,-16710,Y,6.39,51678.4,51666
03-04-2025 10:15,-10.15,-9,-9,128025,-799.1,28950,22200,Y,19050,N,0.93,23375.15,23365,-13.95,-13.7,-13.75,-52350,-72.45,46950,41550,Y,178500,YES,0.5,-0.3,-0.3,-0.3,276525,-25.45,101550,240150,YES,267675,Y,-0.82,-12.25,12.9,7.1,16950,-2192,9300,-630,YES,-5850,N,4.81,51666,51653.75
03-04-2025 10:20,35.6,35.25,37.65,-33675,-902.35,30075,11100,N,-47775,Y,2.64,23365,23400.6,31.5,31.05,31.2,-97575,-82.1,52575,-107550,YES,-640200,Y,1.25,-3.8,-3.8,-3.85,-470175,-25.55,102900,-751125,Y,-205125,YES,-1.26,110.55,104.5,93.7,570,-2778.1,12030,10290,N,-22860,Y,17.21,51653.75,51764.3
03-04-2025 10:25,-8.15,-7.9,-8.8,-106275,-1034.7,38400,8325,N,20850,YES,3.42,23408.05,23399.9,-10.75,-10.1,-10.15,-82875,-90.55,39225,-186825,YES,272100,YES,1.08,-0.05,-0.15,-0.15,-3871350,-19.8,106275,1314450,YES,-345375,YES,-0.95,10.45,14.85,10.75,33210,-2042.95,11730,6180,N,10380,YES,16.82,51764.3,51774.75
03-04-2025 10:30,2,-0.75,-1,-21150,-822.85,31575,8775,N,1125,Y,1.71,23397,23399,-1.1,-1.15,-1.15,-3525,-85.3,45150,11850,Y,50625,N,0.59,0.05,0.15,0.15,-899175,-21.6,114225,215550,N,301350,Y,-0.66,-43.95,-34.75,-32.95,-20340,-1877.35,10470,4290,N,9030,N,6.05,51773.95,51730
03-04-2025 10:35,-9,-8.2,-9,-84600,-474,21525,-43800,YES,-150,Y,0.69,23399,23390,-5.35,-5.15,-5.2,-27600,-86.4,51375,-121050,YES,87900,YES,0.42,0,0,0,-502050,-21.45,125400,242550,YES,390900,Y,-0.41,-18,-9.95,-10,-37110,-1430.5,8970,4410,N,-630,Y,3.44,51739,51721
03-04-2025 10:40,3,1.45,3,-15075,-606.55,23850,-18975,Y,-14550,Y,0.73,23390,23393,-2.1,-0.55,-0.55,155400,-86.75,51375,54675,Y,67125,N,0.43,0.05,-0.1,-0.1,306750,-22.1,112500,-83025,Y,4950,N,-0.45,9,8.9,0.55,1620,-1596.65,9960,-3930,YES,1260,N,3.03,51721,51730
03-04-2025 10:45,-15.8,-12.9,-15.8,24225,-640.6,27300,-7950,N,9975,YES,0.59,23392.95,23377.15,-10.2,-9.7,-9.75,21225,-79.35,47550,-41025,YES,63675,N,0.25,0.65,0.65,0.65,562275,-23.75,130125,-230025,Y,85650,Y,-0.53,-48.7,-38.7,-47.55,14850,-1715.5,8610,2640,N,-510,Y,2.81,51730,51681.3
03-04-2025 10:50,4.4,0.35,3.85,-13275,-423.75,20100,25800,Y,2325,Y,0.41,23376.6,23381,-0.8,-1.3,-1.3,-25350,-73,52800,110475,Y,56475,N,0.13,-0.85,-0.75,-0.75,-1132875,-23.35,139650,73575,YES,283200,Y,-0.5,-14.7,-8.2,-10.2,-60690,-1595.95,8730,9960,N,2580,N,1.72,51681.3,51666.6
03-04-2025 10:55,7.5,11,7.5,-49350,-443.5,22725,-5400,YES,-2625,Y,0.33,23381,23388.5,7,5.85,5.9,-13350,-76.5,50325,120075,N,-37050,Y,0.2,-1.85,-1.8,-1.8,-995925,-21,112350,-232950,Y,77850,N,-0.52,30.4,26.1,32.9,4110,-2031.05,7440,-3300,YES,2940,N,1.94,51673.8,51704.2
03-04-2025 11:00,-24.05,-23.75,-24,-30375,-509.3,24375,-11100,YES,15525,N,0.46,23388,23363.95,-14.25,-14.5,-14.5,68925,-71.75,52050,-123225,YES,173475,YES,0.12,2.05,2,2,1155825,-20.5,130050,622575,YES,-609150,YES,-0.48,-64.15,-55.15,-63.25,-15690,-1591.2,9090,-4140,YES,1920,Y,2.07,51713.25,51649.1
03-04-2025 11:05,-2.3,2.3,-0.75,-65625,-941.5,28275,8250,N,6225,N,0.41,23368.8,23366.5,-0.45,-0.25,-0.35,-53925,-64.9,50325,49125,Y,31125,N,-0.01,-1.4,-1.4,-1.4,-1426050,-20.65,131775,-117750,Y,389775,Y,-0.46,54.35,41.15,49.95,-8730,-1971.4,8970,17040,Y,20280,N,1.53,51650,51704.35
03-04-2025 11:10,2.4,2.35,1.45,-73500,-648.05,22125,-11475,YES,-4200,Y,0.28,23366.5,23368.9,4.6,4.35,4.3,-32100,-72.3,58875,15900,N,-26550,Y,0.09,-0.65,-0.7,-0.7,715950,-21,131175,74400,YES,165000,N,-0.37,40.65,49.85,40,5580,-2102.05,8460,-1230,YES,3570,N,2.51,51704.35,51745
03-04-2025 11:15,-8.65,-8.8,-7.45,-68775,-605.65,26250,-6900,N,-4875,Y,0.21,23368.9,23360.25,-4.85,-4.75,-4.75,49125,-65.35,51150,118575,Y,49800,YES,0,1.45,1.45,1.45,1304850,-20.9,128025,284100,YES,26250,N,-0.4,-39,-41.5,-39,-15390,-1903,10110,-2130,YES,6720,N,2.54,51745,51706
03-04-2025 11:20,6.35,6.75,6,-41175,-459.3,23175,8775,N,-75,N,0.22,23360.25,23366.6,2.85,3,3.05,93000,-66.55,51750,2325,YES,-67575,Y,0,-1.05,-1.05,-1.05,652425,-21.45,123825,-281250,Y,-37200,YES,-0.41,-0.7,8.7,10,-28560,-1768,7950,-2880,YES,750,Y,1.33,51709,51708.3
03-04-2025 11:25,-1.05,-0.95,3.05,18150,-530.15,19425,2400,YES,2775,N,0.19,23366.6,23365.55,-1.6,-1.35,-1.35,5925,-61.75,52350,-167400,YES,89325,YES,0,0.05,0.05,0.1,522750,-19.2,110700,313725,YES,18675,Y,-0.24,-18.55,-25.05,-12.35,-3000,-1162.8,6840,1350,N,6930,N,0.65,51708.3,51689.75
03-04-2025 11:30,-1.9,-2.1,-6.15,-37650,-510.05,23625,18975,N,375,Y,0.14,23365.55,23363.65,-2.35,-2.4,-2.45,93750,-62.95,59700,-35025,Y,58200,N,-0.01,-0.7,-0.65,-0.65,-1801275,-19.55,129300,-11700,Y,481950,Y,-0.27,-17.45,-16.95,-19.25,-10950,-2066.95,8940,18570,N,-4860,Y,1.28,51685.45,51668
03-04-2025 11:35,5.55,5.65,5.6,-41925,-512.75,24000,16125,N,13500,N,0.17,23363.9,23369.45,1.75,1.7,1.7,-52800,-64.55,48900,-107475,YES,-115575,Y,0.05,-0.85,-0.9,-0.9,-4571175,-18.25,122325,215100,YES,-528600,YES,-0.39,32.55,32.25,30.05,17610,-2500,6930,-1350,YES,-930,N,0.65,51668,51700.55
03-04-2025 11:40,10.8,7.65,10.35,-9150,-470.9,23925,1125,YES,-975,Y,0.14,23369.15,23379.95,2.65,2.6,2.65,64725,-65.7,52200,267075,Y,2025,YES,0.02,-0.85,-0.8,-0.8,-5780100,-19.95,139425,-411675,Y,699375,Y,-0.31,6.4,8.15,5,4920,-2311.3,8010,1920,N,2040,N,0.62,51707.55,51713.95
03-04-2025 11:45,-3.25,-3.25,0,134700,-475.5,23175,-4050,YES,3375,N,0.34,23379.4,23376.15,-0.35,-0.35,-0.45,-3675,-66.45,54900,-56025,YES,52200,YES,0.03,0.2,0.15,0.15,-6781725,-19.05,138300,453600,YES,-414525,YES,-0.28,-11.1,-13.05,-15.45,-22260,-1280.4,8520,-1290,YES,3870,N,0.66,51713.95,51702.85
03-04-2025 11:50,10.2,10,6.85,-120900,-515.35,25650,900,N,-4275,Y,0.21,23376.15,23386.35,7.75,7.65,7.7,-88425,-65.6,51300,-32175,Y,-238800,Y,0.12,-0.3,-0.3,-0.3,-1263300,-18.95,129225,-184800,Y,70425,Y,-0.26,44.15,38.8,38.45,-55620,-1316.65,9840,2220,N,-7230,Y,2.51,51702.85,51747
03-04-2025 11:55,0.85,0.7,0.3,675,-295.5,25650,150,YES,2475,N,0.5,23386.35,23387.2,-4.15,-4.25,-4.3,29025,-71.5,52350,-138075,YES,175500,YES,0.1,-0.15,-0.2,-0.2,-208725,-18.8,131550,157125,YES,6075,N,-0.19,-17,-19.9,-17,-7590,-2163.25,8040,1080,YES,2010,N,1.27,51747,51730
03-04-2025 12:00,-2,-1.4,-2.05,18375,-125.4,21225,1800,N,3225,N,0.67,23387.75,23385.75,-0.25,-0.05,0.05,-58575,-67.85,53325,-43800,Y,-48675,Y,0.07,-0.3,-0.25,-0.25,2018475,-18.7,127200,-413550,Y,402825,Y,-0.22,9.6,2.35,-11.2,5880,-2105.15,7440,-330,YES,2580,N,0.75,51720.4,51730
03-04-2025 12:05,-2.45,-2.6,-4.7,4950,-365.25,24150,2850,N,14325,N,0.48,23385.75,23383.3,-3,-2.85,-2.85,-17175,-66.45,54450,-32550,N,78975,YES,0.03,0.4,0.35,0.35,7547700,-19.45,130725,938700,YES,-908400,YES,-0.2,-13.1,-13.1,-2.5,-5880,-2519.75,7530,-6720,YES,4200,N,0.65,51727.2,51714.1
03-04-2025 12:10,-9.95,-11,-10.25,19500,-249.3,21075,-4050,YES,-825,Y,0.38,23383.3,23373.35,-3.25,-3.65,-3.7,87975,-65.95,57525,-46200,YES,-15525,Y,0.03,0.7,0.7,0.7,6234300,-20.05,137175,85800,N,-374700,Y,-0.2,0.45,-2.5,-11.25,-14880,-1957.45,7590,-2280,N,-1440,Y,1.17,51714.1,51714.55
03-04-2025 12:15,-0.35,0.2,-0.35,17925,-250.9,26625,3975,N,-6975,Y,0.43,23373.35,23373,-0.2,0.3,0.4,18450,-60.7,52800,51225,Y,-35700,Y,0,-0.6,-0.6,-0.6,3042525,-19.8,137475,-1267050,Y,742500,Y,-0.24,-14,-11.75,-14,-29190,-1942.95,7620,-2850,YES,-2760,Y,0.97,51722,51708
03-04-2025 12:20,-6.8,-6.65,-4.45,7350,-539.15,22350,-5775,YES,-5475,N,0.1,23376,23369.2,-6,-5.75,-5.9,58650,-61.75,63000,-136575,YES,125100,YES,-0.03,0.65,0.65,0.65,849975,-19.55,142725,238125,YES,-474375,YES,-0.21,-30.45,-29.5,-28.5,2280,-1626.4,6570,-3990,YES,4710,N,0.43,51705.45,51675
03-04-2025 12:25,-10.5,-7,-5.2,9150,-592.7,25200,-12450,YES,-1125,N,0.15,23368.55,23358.05,-2.65,-3.7,-3.75,-75300,-52.35,52425,380025,Y,-4350,Y,-0.16,-0.1,0.05,0.05,-885300,-18.45,121350,-6975,Y,76950,Y,-0.32,-14.45,-20,-16.7,21510,-1232.3,9390,30,N,-4740,Y,1.41,51675,51660.55
03-04-2025 12:30,4.95,4.75,1.65,-34350,-582.15,25575,-525,N,6000,N,0.09,23358.05,23363,0.65,0.65,0.75,55350,-57.65,59175,-6900,YES,65400,YES,-0.08,-0.95,-1,-1,-828375,-19.15,135525,-127575,Y,678150,Y,-0.27,25.45,19.9,31.55,-26790,-1733.25,8160,-90,YES,-1170,N,1.05,51660.55,51686
03-04-2025 12:35,2.5,2.65,4.55,-64650,-486.15,25125,-1050,YES,7200,N,0.12,23363,23365.5,3.1,3.25,3.25,-87825,-54.55,54000,57825,Y,61500,N,-0.06,-0.3,-0.35,-0.35,2641500,-18.4,120150,324825,YES,27450,N,-0.25,22.15,40.45,29.2,-35760,-1707.05,8100,23850,Y,3780,N,1.03,51686,51708.15
03-04-2025 12:40,-12.85,-13.35,-15.1,17850,-352.4,22650,-7575,YES,6450,N,0.09,23365.5,23352.65,-9,-9,-9,24225,-58.1,57450,-314550,YES,65775,N,-0.11,1.25,1.25,1.25,-594675,-19,129900,717750,YES,-773400,YES,-0.25,-50.45,-50.2,-44,270,-1931,7470,-8340,YES,-3120,Y,0.68,51708.15,51657.7
03-04-2025 12:45,-7.6,-4.45,-1.5,-3450,-638.65,28725,12525,Y,2400,Y,0.05,23352.65,23345.05,-0.55,-0.5,-0.5,192750,-50.2,64350,346875,Y,-6000,Y,-0.21,0.45,0.45,0.45,1508100,-19.3,132600,-325200,Y,91125,Y,-0.36,-22.7,-35.25,-38,-1980,-1698.55,7590,4680,N,-7590,Y,0.67,51657.7,51635
03-04-2025 12:50,-1.95,2,-0.05,-51450,-965.2,32400,675,YES,10800,N,0.06,23352.95,23351,2.5,2.4,2.35,-210975,-52.45,72375,166800,N,28275,YES,-0.14,-0.85,-0.85,-0.85,-2436150,-19.05,127650,-38475,YES,695700,Y,-0.23,19.2,22.7,9.25,-3240,-2149.4,7590,2610,YES,30,N,0.95,51623.05,51642.25
03-04-2025 12:55,8,8,10.85,-55575,-540.55,28200,900,N,5325,N,0.07,23351,23359,1.45,1.65,1.7,-11025,-55.55,65175,-17325,YES,-51150,Y,-0.1,-0.6,-0.6,-0.6,6155925,-18.8,120375,76425,YES,253125,N,-0.2,59.9,60.4,60.95,-3210,-1483.3,8190,-1410,YES,1860,N,2.36,51648.1,51708
03-04-2025 13:00,-1.6,-5.25,-6,600,-584.75,23175,-18075,YES,1725,Y,0.05,23357.25,23355.65,-3.3,-3.2,-3.2,57375,-49.65,59850,122250,Y,38775,YES,-0.14,0.45,0.35,0.35,6252375,-18.45,145500,117600,YES,20700,N,-0.17,-24.7,-24.7,-22.1,-1560,-1881.85,8700,-1830,YES,4080,N,0.57,51708,51683.3
03-04-2025 13:05,-7.65,-4,-7.55,76575,-566.2,24675,-4050,N,-3525,Y,0.03,23355.65,23348,-0.85,-0.7,-0.75,108900,-52.2,73575,235350,Y,15675,N,-0.11,0.35,0.35,0.35,3379050,-18.35,116925,645150,YES,-283125,YES,-0.15,-41.3,-38.25,-47.55,-2850,-1594.1,9180,1350,N,1800,Y,0.48,51683.3,51642
03-04-2025 13:10,-0.5,-0.3,1.55,18000,-378.1,21525,-5250,YES,-300,N,0.01,23348.2,23347.7,1.2,1.3,1.3,31875,-48.75,61725,209700,N,-35700,Y,-0.1,0,0,0,3742650,-19.35,134025,-657225,Y,366375,Y,-0.19,28,35.15,35.3,3390,-1428.45,7590,-2550,YES,-90,Y,0.36,51642,51670
03-04-2025 13:15,2.3,2.25,1.2,13650,-394.7,18975,300,N,2325,N,0.02,23347.7,23350,-1.5,-1.5,-1.5,-208425,-51.8,77850,-38850,YES,68325,YES,-0.11,-0.25,-0.3,-0.3,-1110375,-19.2,114225,445500,YES,77400,N,-0.16,12.25,2.05,13.05,2190,-1939.35,7260,2490,N,1020,N,0.35,51672,51684.25
03-04-2025 13:20,-2.9,-2.9,-3.25,-6450,-428.65,22425,-1200,YES,1425,Y,0,23350,23347.1,-1.35,-1.3,-1.4,10725,-47.35,63825,-86175,YES,11325,N,-0.12,0,-0.1,-0.1,5044650,-18.65,132075,-73500,Y,176850,Y,-0.13,-10,3.25,-6.25,2130,-2095.45,7020,4020,N,-840,Y,0.32,51684.25,51674.25
03-04-2025 13:25,12.9,11.9,12.8,17250,-436.95,24975,1800,N,-1350,Y,0.04,23347.1,23360,4.55,4.7,4.8,-218400,-53.4,68925,-32925,Y,-194850,Y,-0.16,-1.2,-1.15,-1.15,3687900,-18.9,129675,-1104225,Y,518850,Y,-0.19,35.45,30,33.25,-5700,-2244.5,7200,-1020,YES,660,N,0.49,51674.15,51709.6
03-04-2025 13:30,4.95,4.05,3.8,20925,-313.65,22200,900,YES,-2400,Y,0.07,23358.95,23363.9,6.3,6.7,6.8,-66900,-57.9,65100,117300,Y,-233400,Y,-0.13,-0.9,-0.9,-0.9,18963150,-19.1,132375,217650,YES,43275,N,-0.31,44.4,50,44.4,-66690,-1600.4,11880,3210,N,-15000,Y,4.55,51709.6,51754
03-04-2025 13:35,-3.8,-2.8,-3,43875,-321.1,30975,-750,YES,15075,N,0.32,23365,23361.2,-3.05,-2.55,-2.6,87375,-59,60300,-218925,YES,147825,YES,-0.09,0.2,0.15,0.15,12736200,-19.25,130125,1394925,YES,-1222200,YES,-0.24,50,58.75,51,8370,-2007.1,12300,6990,N,-19050,Y,13.32,51750,51800
03-04-2025 13:40,-6.1,-9.15,-7,179475,-331.55,26400,-3450,YES,-2550,Y,0.12,23360.1,23354,-6.3,-6.2,-6.15,90300,-52.4,58575,-284475,YES,87525,N,-0.14,0.5,0.45,0.45,2691900,-18.5,114150,388950,N,49500,Y,-0.19,1.95,9.25,-1.15,49710,-1818.15,12990,2010,YES,7470,YES,5.68,51800,51801.95
03-04-2025 13:45,8.75,11.65,8.7,91425,-133.75,26475,4800,N,-3525,Y,0.17,23354,23362.75,4.3,3.9,3.9,111300,-52.8,64875,50100,Y,-31950,Y,-0.12,-0.75,-0.8,-0.8,6197175,-18.9,126150,-1024275,Y,676275,Y,-0.19,40.9,49.65,48.9,-320280,-2390.5,11730,4530,N,-3840,Y,12.21,51800,51840.9
03-04-2025 13:50,-5.05,-6.85,-4.9,13500,-291.9,20625,5625,N,600,N,0.11,23362.55,23357.5,-1.85,-1.85,-1.85,169125,-51.95,63000,22875,N,46875,YES,-0.09,0.2,0.2,0.2,8860125,-18.15,123675,398850,YES,-281850,YES,-0.12,-25,-20.85,-22,-30390,-1848.4,13140,3240,N,6150,N,4.86,51845,51820
03-04-2025 13:55,-0.8,-2.7,-1.9,-5100,-269.35,20250,-3825,YES,-6600,Y,0.03,23355.8,23355,0.5,-0.35,-0.3,39150,-51.9,68925,19950,N,675,Y,-0.07,-0.25,-0.2,-0.2,14127975,-19.45,131925,-567000,Y,437775,Y,-0.11,7.05,-11.95,-13,-18780,-1804.3,9540,9300,N,960,Y,1.74,51822.6,51829.65
03-04-2025 14:00,10.15,6,8,33225,-475.8,22950,5475,N,-2550,N,0.09,23353,23363.15,0.35,0.35,0.3,65700,-57,66225,74775,Y,-22200,Y,-0.11,-0.1,-0.1,-0.1,13816725,-19.8,139950,296850,YES,-774900,YES,-0.21,25.35,40.95,27.9,-53040,-1180.05,12480,450,YES,-7320,Y,2.58,51829.65,51855
03-04-2025 14:05,1.05,1,-2.3,-150,-569.9,23325,-1050,YES,-150,N,0.07,23359,23360.05,-0.25,0,-0.05,-48000,-51.85,70200,-248025,YES,14250,YES,-0.07,-0.3,-0.25,-0.25,7961700,-19,134625,-927225,Y,707100,Y,-0.13,-26.1,-25.8,-26,18000,-1315.4,9300,-2250,YES,2520,N,2.56,51862.75,51836.65
03-04-2025 14:10,-7.85,-7.8,-6.5,19200,-795.3,22050,-8325,YES,2925,N,0.07,23360.05,23352.2,-2,-1.85,-1.85,126975,-48.7,64800,-169275,Y,36750,YES,-0.08,0.3,0.3,0.3,29315175,-19,131475,1023075,YES,-1194900,YES,-0.14,-20.8,-30.95,-18.35,-18090,-1806.35,11250,1200,N,990,Y,1.76,51836.65,51815.85
03-04-2025 14:15,7.8,5.95,4.2,-6225,-511.1,26250,3600,N,-1800,Y,0.04,23352.2,23360,0.7,0.45,0.45,18750,-48.35,71700,183900,Y,-29100,Y,-0.15,-0.5,-0.5,-0.5,2639925,-17.9,131175,-1326900,Y,1136175,Y,-0.19,20.4,24.85,20.45,-34110,-1693.95,11250,-540,YES,-1620,Y,3.14,51814.6,51835
03-04-2025 14:20,2.5,2.5,2.35,88050,-71.05,30375,2025,YES,525,N,0.19,23360,23362.5,-1.35,-1.45,-1.4,224250,-48.4,71850,94950,N,77475,YES,-0.09,-0.5,-0.55,-0.55,15590175,-19.15,132750,-2306850,Y,-269775,YES,-0.32,3.7,15.2,7.65,-7920,-1625.7,8550,-90,N,1320,N,1.19,51836.55,51840.25
03-04-2025 14:25,-3.5,-3.5,-3.55,-50100,-311.5,35175,-3525,YES,-1650,Y,0.22,23362.5,23359,-1.5,-1.5,-1.5,-159375,-46.75,72300,-298275,YES,44025,N,-0.12,0.3,0.35,0.35,14502075,-18.8,153075,1540575,YES,-903975,YES,-0.18,-28.8,-30.15,-28.8,-7830,-1743,9810,-2970,YES,3030,N,1.93,51840.25,51811.45
03-04-2025 14:30,-6.65,-6.65,-6.05,2400,-419.95,33975,-9450,YES,-3900,Y,0.11,23359,23352.35,-5.35,-4.8,-4.75,-238275,-51.4,75600,-332325,YES,-118875,Y,-0.51,0.3,0.25,0.25,5372175,-19.8,130200,383475,N,-113400,Y,-0.49,-20.75,-20.05,-13.1,-5790,-1288.75,11130,-2460,N,1350,Y,2.55,51810.75,51790
03-04-2025 14:35,-3.35,-3.35,-3.65,126750,-223.65,33000,-4575,N,-4650,Y,0.03,23352.35,23349,-2.1,-1.35,-1.35,248100,-44.7,80400,-101400,Y,142050,YES,-0.18,0.15,0.15,0.15,11679150,-18.95,142650,240525,N,-63225,Y,-0.23,15,10,7.35,-6750,-1299.05,9600,-6720,YES,900,Y,1.51,51790,51805
03-04-2025 14:40,-7.85,-7.8,-4.15,58500,-432.5,39225,22800,Y,-2025,N,-0.02,23349,23341.15,0.55,0.45,0.45,-170850,-40.55,73800,-8925,Y,-76650,Y,-0.24,-0.2,-0.2,-0.2,10169175,-18.45,128775,1820100,YES,764250,Y,-0.29,11.15,7.2,11.15,-22470,-1340.8,8580,-5550,N,2700,N,1.34,51805,51816.15
03-04-2025 14:45,-0.15,-0.1,0.1,44025,-382.3,42900,-31125,YES,0,N,-0.13,23341.15,23341,0.25,0.25,0.25,-114075,-41.3,83100,-952500,YES,-112500,Y,-0.27,-0.25,-0.3,-0.3,9641325,-18.4,140700,-872025,Y,-180975,YES,-0.34,-16.15,-15.15,-16.1,-18630,-1568.5,8850,-20100,YES,30,Y,1.21,51816.15,51800
03-04-2025 14:50,-0.8,-0.45,-2.2,-1800,-689.45,26925,5775,Y,3825,N,-0.06,23341,23340.2,-0.5,-0.65,-0.6,-138300,-43.95,81675,-544500,Y,-18375,YES,-0.2,-0.5,-0.45,-0.45,42128100,-19.35,157950,-2995275,Y,890925,Y,-0.32,16.85,21.45,13.55,-9060,-1720.7,7470,1890,Y,7230,N,0.97,51800,51816.85
03-04-2025 14:55,-2.2,-2,-4.75,-52800,-446.35,25350,-6300,YES,1425,Y,-0.1,23340.2,23338,0.15,0.2,0.2,-11025,-39.7,87600,-1786050,YES,-105300,Y,-0.22,-0.1,-0.05,-0.05,57159150,-18,126525,413025,YES,-1146525,YES,-0.33,-2.05,1.25,-1.55,-66270,-1831.65,8400,360,YES,510,Y,1.87,51816.85,51814.8
03-04-2025 15:00,-1,-1,-1.05,-101400,-345.85,27375,-2400,N,1875,N,-0.15,23338,23337,1.05,1.15,1.15,-138675,-44.3,85500,-2346375,YES,-98850,N,-0.44,-0.4,-0.4,-0.4,95850750,-19.4,136425,-772500,Y,-850350,Y,-0.54,1.8,-8.9,0.85,-35460,-1654.15,9990,2430,N,4800,N,1.77,51818,51819.8
03-04-2025 15:05,1.05,1.15,2,-52575,-270.15,28875,-5100,YES,-11400,Y,-0.26,23337.05,23338.1,2.1,2.1,2.15,13275,-42.8,76500,-6249825,YES,-239925,Y,-0.21,-0.1,-0.15,-0.15,476886000,-19,146550,-6863925,Y,2038275,Y,-0.21,-20.8,-19.8,-20.8,134160,-1490.8,10410,-9270,YES,-11460,Y,2.25,51819.8,51799
03-04-2025 15:10,-7,-7.05,-7.95,26775,-338.65,30975,-11400,YES,-6975,N,-0.25,23338.1,23331.1,-0.45,-0.65,-0.6,-5775,-43,80775,-6051225,Y,7425,YES,-0.17,-0.05,-0.05,-0.05,1962226800,-18.7,124950,-11561400,Y,1210200,N,-0.17,1.1,2.8,2.85,19260,-1139.15,12060,-330,N,2310,N,1.87,51800,51801.1
03-04-2025 15:15,-18.95,-19.05,-19,-127725,-165.65,36675,-36750,YES,15750,YES,-0.86,23331.05,23312.1,-3.4,-3.4,-3.5,97200,-39.2,89175,-3698400,Y,-45000,Y,-0.21,-0.05,0,0,1338753225,-17.15,97650,-4551075,YES,-3495900,YES,-0.17,-17.4,-17.4,-17.1,7740,-1432.15,12450,-330,N,-240,Y,2.19,51800,51782.6
03-04-2025 15:20,10.65,10.85,12.95,-80700,-286.8,38625,8100,Y,-25050,Y,-0.9,23312.1,23322.75,1.1,1.05,1.1,-645600,-30.4,81750,-1825500,Y,-238500,Y,-0.16,-0.05,-0.05,-0.05,2076459075,-18.4,152175,-6721050,Y,1307775,Y,-0.18,18.75,20.3,26.1,6510,-1422.8,12330,3660,N,-7560,Y,2.67,51782.6,51801.35
03-04-2025 15:25,0.9,2.8,3.15,93075,-443.55,34275,-77625,YES,-51150,Y,-0.48,23325,23325.9,-0.5,-0.5,-0.5,-107025,-35.05,95325,-20846325,YES,-248025,Y,-0.11,-0.05,0,0,3089993775,-18.4,149100,-12057075,Y,-5471700,YES,-0.09,-4.85,2.35,-6.65,37650,-2544.25,12780,-28470,YES,-29880,Y,3.89,51808,51803.15
